cand_id,selection,path_std_hz,path_range_hz,freq_hz,snr_best,best_fit,snr_poly,snr_kepler,peak_loglike,multiplicity,nt_values,known_match,best_ar,track_path
cand_273,isolated,0.000277,0.001111,216.673196794301,29.8541641235352,poly,29.8541641235352,7.16453456878662,842.6489541685589,32,"16,32,64,128,256",,/fred/oz022/vdimarco/software/install/viterbi_psr_search/code/experiments/47_Tuc_O_Alessandro_Ridolfi/47Tuc_blind_search_v1/stage4_fold/cand_273/poly/J0000-00_59391.1259965277_cfbf00000_00001.ar,/fred/oz022/vdimarco/software/install/viterbi_psr_search/code/experiments/47_Tuc_O_Alessandro_Ridolfi/47Tuc_blind_search_v1/stage3_viterbi/candidates/cand_273/cand_273_track.dat
cand_046,binary,0.139118,0.427807,608.0046682227409,27.6569519042969,kepler,20.3398609161377,27.6569519042969,49.83414093031761,1,16,,/fred/oz022/vdimarco/software/install/viterbi_psr_search/code/experiments/47_Tuc_O_Alessandro_Ridolfi/47Tuc_blind_search_v1/stage4_fold/cand_046/kepler/J0000-00_59391.1259965277_cfbf00000_00001.ar,/fred/oz022/vdimarco/software/install/viterbi_psr_search/code/experiments/47_Tuc_O_Alessandro_Ridolfi/47Tuc_blind_search_v1/stage3_viterbi/candidates/cand_046/cand_046_track.dat
cand_094,binary,0.220845,0.784314,581.417665771356,27.3382148742676,kepler,10.5362672805786,27.3382148742676,nan,,,,/fred/oz022/vdimarco/software/install/viterbi_psr_search/code/experiments/47_Tuc_O_Alessandro_Ridolfi/47Tuc_blind_search_v1/stage4_fold/cand_094/kepler/J0000-00_59391.1259965277_cfbf00000_00001.ar,/fred/oz022/vdimarco/software/install/viterbi_psr_search/code/experiments/47_Tuc_O_Alessandro_Ridolfi/47Tuc_blind_search_v1/stage3_viterbi/candidates/cand_094/cand_094_track.dat
cand_130,binary,0.023835,0.080107,732.2162883845127,24.8586750030518,poly,24.8586750030518,17.7849254608154,174.177984854582,4,"16,64",,/fred/oz022/vdimarco/software/install/viterbi_psr_search/code/experiments/47_Tuc_O_Alessandro_Ridolfi/47Tuc_blind_search_v1/stage4_fold/cand_130/poly/J0000-00_59391.1259965277_cfbf00000_00001.ar,/fred/oz022/vdimarco/software/install/viterbi_psr_search/code/experiments/47_Tuc_O_Alessandro_Ridolfi/47Tuc_blind_search_v1/stage3_viterbi/candidates/cand_130/cand_130_track.dat
cand_048,binary,0.053899,0.196078,446.102944981051,24.1624965667725,kepler,2.04140710830688,24.1624965667725,nan,,,,/fred/oz022/vdimarco/software/install/viterbi_psr_search/code/experiments/47_Tuc_O_Alessandro_Ridolfi/47Tuc_blind_search_v1/stage4_fold/cand_048/kepler/J0000-00_59391.1259965277_cfbf00000_00001.ar,/fred/oz022/vdimarco/software/install/viterbi_psr_search/code/experiments/47_Tuc_O_Alessandro_Ridolfi/47Tuc_blind_search_v1/stage3_viterbi/candidates/cand_048/cand_048_track.dat
cand_083,binary,0.183683,0.57041,762.2983081032947,22.9024658203125,kepler,5.85329008102417,22.9024658203125,479.22732366297373,30,"16,32,64,128",,/fred/oz022/vdimarco/software/install/viterbi_psr_search/code/experiments/47_Tuc_O_Alessandro_Ridolfi/47Tuc_blind_search_v1/stage4_fold/cand_083/kepler/J0000-00_59391.1259965277_cfbf00000_00001.ar,/fred/oz022/vdimarco/software/install/viterbi_psr_search/code/experiments/47_Tuc_O_Alessandro_Ridolfi/47Tuc_blind_search_v1/stage3_viterbi/candidates/cand_083/cand_083_track.dat
cand_047,binary,0.051455,0.196078,635.69995327196,21.2519512176514,kepler,17.4731273651123,21.2519512176514,nan,,,,/fred/oz022/vdimarco/software/install/viterbi_psr_search/code/experiments/47_Tuc_O_Alessandro_Ridolfi/47Tuc_blind_search_v1/stage4_fold/cand_047/kepler/J0000-00_59391.1259965277_cfbf00000_00001.ar,/fred/oz022/vdimarco/software/install/viterbi_psr_search/code/experiments/47_Tuc_O_Alessandro_Ridolfi/47Tuc_blind_search_v1/stage3_viterbi/candidates/cand_047/cand_047_track.dat
cand_039,binary,0.186569,0.730838,515.987895006732,20.6244010925293,kepler,8.33020210266113,20.6244010925293,nan,,,,/fred/oz022/vdimarco/software/install/viterbi_psr_search/code/experiments/47_Tuc_O_Alessandro_Ridolfi/47Tuc_blind_search_v1/stage4_fold/cand_039/kepler/J0000-00_59391.1259965277_cfbf00000_00001.ar,/fred/oz022/vdimarco/software/install/viterbi_psr_search/code/experiments/47_Tuc_O_Alessandro_Ridolfi/47Tuc_blind_search_v1/stage3_viterbi/candidates/cand_039/cand_039_track.dat
cand_132,binary,0.028915,0.089008,700.0080106809079,20.3617057800293,kepler,20.0101852416992,20.3617057800293,170.77026651838392,5,"16,32,64",,/fred/oz022/vdimarco/software/install/viterbi_psr_search/code/experiments/47_Tuc_O_Alessandro_Ridolfi/47Tuc_blind_search_v1/stage4_fold/cand_132/kepler/J0000-00_59391.1259965277_cfbf00000_00001.ar,/fred/oz022/vdimarco/software/install/viterbi_psr_search/code/experiments/47_Tuc_O_Alessandro_Ridolfi/47Tuc_blind_search_v1/stage3_viterbi/candidates/cand_132/cand_132_track.dat
cand_099,binary,0.063126,0.231729,662.932485516618,19.6912651062012,kepler,7.36722898483276,19.6912651062012,nan,,,,/fred/oz022/vdimarco/software/install/viterbi_psr_search/code/experiments/47_Tuc_O_Alessandro_Ridolfi/47Tuc_blind_search_v1/stage4_fold/cand_099/kepler/J0000-00_59391.1259965277_cfbf00000_00001.ar,/fred/oz022/vdimarco/software/install/viterbi_psr_search/code/experiments/47_Tuc_O_Alessandro_Ridolfi/47Tuc_blind_search_v1/stage3_viterbi/candidates/cand_099/cand_099_track.dat
cand_027,binary,0.029564,0.160428,400.01247771836006,19.4747619628906,kepler,8.70022964477539,19.4747619628906,768.0259827673948,36,"16,32,64,128,256",,/fred/oz022/vdimarco/software/install/viterbi_psr_search/code/experiments/47_Tuc_O_Alessandro_Ridolfi/47Tuc_blind_search_v1/stage4_fold/cand_027/kepler/J0000-00_59391.1259965277_cfbf00000_00001.ar,/fred/oz022/vdimarco/software/install/viterbi_psr_search/code/experiments/47_Tuc_O_Alessandro_Ridolfi/47Tuc_blind_search_v1/stage3_viterbi/candidates/cand_027/cand_027_track.dat
cand_078,binary,0.091205,0.338681,788.335927363015,18.6811103820801,poly,18.6811103820801,5.71708250045776,nan,,,,/fred/oz022/vdimarco/software/install/viterbi_psr_search/code/experiments/47_Tuc_O_Alessandro_Ridolfi/47Tuc_blind_search_v1/stage4_fold/cand_078/poly/J0000-00_59391.1259965277_cfbf00000_00001.ar,/fred/oz022/vdimarco/software/install/viterbi_psr_search/code/experiments/47_Tuc_O_Alessandro_Ridolfi/47Tuc_blind_search_v1/stage3_viterbi/candidates/cand_078/cand_078_track.dat
cand_103,binary,0.027744,0.178253,600.0089126559715,18.6692981719971,kepler,12.6030893325806,18.6692981719971,814.3333706199979,31,"16,32,64,128,256",,/fred/oz022/vdimarco/software/install/viterbi_psr_search/code/experiments/47_Tuc_O_Alessandro_Ridolfi/47Tuc_blind_search_v1/stage4_fold/cand_103/kepler/J0000-00_59391.1259965277_cfbf00000_00001.ar,/fred/oz022/vdimarco/software/install/viterbi_psr_search/code/experiments/47_Tuc_O_Alessandro_Ridolfi/47Tuc_blind_search_v1/stage3_viterbi/candidates/cand_103/cand_103_track.dat
cand_198,isolated,0.001733,0.008895,216.673196794301,18.5012607574463,poly,18.5012607574463,0.0,842.6489541685589,32,"16,32,64,128,256",,/fred/oz022/vdimarco/software/install/viterbi_psr_search/code/experiments/47_Tuc_O_Alessandro_Ridolfi/47Tuc_blind_search_v1/stage4_fold/cand_198/poly/J0000-00_59391.1259965277_cfbf00000_00001.ar,/fred/oz022/vdimarco/software/install/viterbi_psr_search/code/experiments/47_Tuc_O_Alessandro_Ridolfi/47Tuc_blind_search_v1/stage3_viterbi/candidates/cand_198/cand_198_track.dat
cand_268,isolated,0.000277,0.001111,600.0089126559715,18.3205642700195,poly,18.3205642700195,11.3479671478271,814.3333706199979,31,"16,32,64,128,256",,/fred/oz022/vdimarco/software/install/viterbi_psr_search/code/experiments/47_Tuc_O_Alessandro_Ridolfi/47Tuc_blind_search_v1/stage4_fold/cand_268/poly/J0000-00_59391.1259965277_cfbf00000_00001.ar,/fred/oz022/vdimarco/software/install/viterbi_psr_search/code/experiments/47_Tuc_O_Alessandro_Ridolfi/47Tuc_blind_search_v1/stage3_viterbi/candidates/cand_268/cand_268_track.dat
cand_097,binary,0.093501,0.374332,410.055037798648,18.0946636199951,poly,18.0946636199951,9.10667991638184,nan,,,,/fred/oz022/vdimarco/software/install/viterbi_psr_search/code/experiments/47_Tuc_O_Alessandro_Ridolfi/47Tuc_blind_search_v1/stage4_fold/cand_097/poly/J0000-00_59391.1259965277_cfbf00000_00001.ar,/fred/oz022/vdimarco/software/install/viterbi_psr_search/code/experiments/47_Tuc_O_Alessandro_Ridolfi/47Tuc_blind_search_v1/stage3_viterbi/candidates/cand_097/cand_097_track.dat
cand_113,isolated,0.0075,0.044524,400.01247771836006,17.3885593414307,kepler,10.0783233642578,17.3885593414307,768.0259827673948,36,"16,32,64,128,256",,/fred/oz022/vdimarco/software/install/viterbi_psr_search/code/experiments/47_Tuc_O_Alessandro_Ridolfi/47Tuc_blind_search_v1/stage4_fold/cand_113/kepler/J0000-00_59391.1259965277_cfbf00000_00001.ar,/fred/oz022/vdimarco/software/install/viterbi_psr_search/code/experiments/47_Tuc_O_Alessandro_Ridolfi/47Tuc_blind_search_v1/stage3_viterbi/candidates/cand_113/cand_113_track.dat
cand_087,binary,0.151079,0.606061,499.921568627451,17.3756122589111,poly,17.3756122589111,5.38492155075073,654.915883075417,17,"16,32,64,128,256",,/fred/oz022/vdimarco/software/install/viterbi_psr_search/code/experiments/47_Tuc_O_Alessandro_Ridolfi/47Tuc_blind_search_v1/stage4_fold/cand_087/poly/J0000-00_59391.1259965277_cfbf00000_00001.ar,/fred/oz022/vdimarco/software/install/viterbi_psr_search/code/experiments/47_Tuc_O_Alessandro_Ridolfi/47Tuc_blind_search_v1/stage3_viterbi/candidates/cand_087/cand_087_track.dat
cand_354,isolated,0.000545,0.001111,216.673196794301,16.6259422302246,poly,16.6259422302246,13.2337083816528,842.6489541685589,32,"16,32,64,128,256",,/fred/oz022/vdimarco/software/install/viterbi_psr_search/code/experiments/47_Tuc_O_Alessandro_Ridolfi/47Tuc_blind_search_v1/stage4_fold/cand_354/poly/J0000-00_59391.1259965277_cfbf00000_00001.ar,/fred/oz022/vdimarco/software/install/viterbi_psr_search/code/experiments/47_Tuc_O_Alessandro_Ridolfi/47Tuc_blind_search_v1/stage3_viterbi/candidates/cand_354/cand_354_track.dat
cand_137,binary,0.022798,0.080107,521.201604802561,16.5048904418945,kepler,11.7280941009521,16.5048904418945,nan,,,,/fred/oz022/vdimarco/software/install/viterbi_psr_search/code/experiments/47_Tuc_O_Alessandro_Ridolfi/47Tuc_blind_search_v1/stage4_fold/cand_137/kepler/J0000-00_59391.1259965277_cfbf00000_00001.ar,/fred/oz022/vdimarco/software/install/viterbi_psr_search/code/experiments/47_Tuc_O_Alessandro_Ridolfi/47Tuc_blind_search_v1/stage3_viterbi/candidates/cand_137/cand_137_track.dat
cand_090,binary,0.027047,0.178253,536.655021057104,16.1912746429443,kepler,4.25284242630005,16.1912746429443,nan,,,,/fred/oz022/vdimarco/software/install/viterbi_psr_search/code/experiments/47_Tuc_O_Alessandro_Ridolfi/47Tuc_blind_search_v1/stage4_fold/cand_090/kepler/J0000-00_59391.1259965277_cfbf00000_00001.ar,/fred/oz022/vdimarco/software/install/viterbi_psr_search/code/experiments/47_Tuc_O_Alessandro_Ridolfi/47Tuc_blind_search_v1/stage3_viterbi/candidates/cand_090/cand_090_track.dat
cand_011,binary,0.075102,0.392157,433.330980285859,16.1781387329102,poly,16.1781387329102,9.1080493927002,nan,,,,/fred/oz022/vdimarco/software/install/viterbi_psr_search/code/experiments/47_Tuc_O_Alessandro_Ridolfi/47Tuc_blind_search_v1/stage4_fold/cand_011/poly/J0000-00_59391.1259965277_cfbf00000_00001.ar,/fred/oz022/vdimarco/software/install/viterbi_psr_search/code/experiments/47_Tuc_O_Alessandro_Ridolfi/47Tuc_blind_search_v1/stage3_viterbi/candidates/cand_011/cand_011_track.dat
cand_136,binary,0.027873,0.084557,710.643946606678,16.1105480194092,poly,16.1105480194092,6.91166400909424,nan,,,,/fred/oz022/vdimarco/software/install/viterbi_psr_search/code/experiments/47_Tuc_O_Alessandro_Ridolfi/47Tuc_blind_search_v1/stage4_fold/cand_136/poly/J0000-00_59391.1259965277_cfbf00000_00001.ar,/fred/oz022/vdimarco/software/install/viterbi_psr_search/code/experiments/47_Tuc_O_Alessandro_Ridolfi/47Tuc_blind_search_v1/stage3_viterbi/candidates/cand_136/cand_136_track.dat
cand_128,binary,0.016113,0.071206,534.072893072211,15.9416341781616,kepler,8.14570140838623,15.9416341781616,nan,,,,/fred/oz022/vdimarco/software/install/viterbi_psr_search/code/experiments/47_Tuc_O_Alessandro_Ridolfi/47Tuc_blind_search_v1/stage4_fold/cand_128/kepler/J0000-00_59391.1259965277_cfbf00000_00001.ar,/fred/oz022/vdimarco/software/install/viterbi_psr_search/code/experiments/47_Tuc_O_Alessandro_Ridolfi/47Tuc_blind_search_v1/stage3_viterbi/candidates/cand_128/cand_128_track.dat
cand_008,binary,0.100779,0.57041,433.364986785055,15.9391012191772,poly,15.9391012191772,0.0,nan,,,,/fred/oz022/vdimarco/software/install/viterbi_psr_search/code/experiments/47_Tuc_O_Alessandro_Ridolfi/47Tuc_blind_search_v1/stage4_fold/cand_008/poly/J0000-00_59391.1259965277_cfbf00000_00001.ar,/fred/oz022/vdimarco/software/install/viterbi_psr_search/code/experiments/47_Tuc_O_Alessandro_Ridolfi/47Tuc_blind_search_v1/stage3_viterbi/candidates/cand_008/cand_008_track.dat
cand_302,isolated,0.000492,0.001111,762.2983081032947,15.7919607162476,kepler,10.8144102096558,15.7919607162476,479.22732366297373,30,"16,32,64,128",,/fred/oz022/vdimarco/software/install/viterbi_psr_search/code/experiments/47_Tuc_O_Alessandro_Ridolfi/47Tuc_blind_search_v1/stage4_fold/cand_302/kepler/J0000-00_59391.1259965277_cfbf00000_00001.ar,/fred/oz022/vdimarco/software/install/viterbi_psr_search/code/experiments/47_Tuc_O_Alessandro_Ridolfi/47Tuc_blind_search_v1/stage3_viterbi/candidates/cand_302/cand_302_track.dat
cand_052,binary,0.029406,0.142602,302.043071087717,15.7726736068726,poly,15.7726736068726,5.12538528442383,nan,,,,/fred/oz022/vdimarco/software/install/viterbi_psr_search/code/experiments/47_Tuc_O_Alessandro_Ridolfi/47Tuc_blind_search_v1/stage4_fold/cand_052/poly/J0000-00_59391.1259965277_cfbf00000_00001.ar,/fred/oz022/vdimarco/software/install/viterbi_psr_search/code/experiments/47_Tuc_O_Alessandro_Ridolfi/47Tuc_blind_search_v1/stage3_viterbi/candidates/cand_052/cand_052_track.dat
cand_100,binary,0.189556,0.57041,626.671149963432,15.6760807037354,kepler,8.24575519561768,15.6760807037354,nan,,,,/fred/oz022/vdimarco/software/install/viterbi_psr_search/code/experiments/47_Tuc_O_Alessandro_Ridolfi/47Tuc_blind_search_v1/stage4_fold/cand_100/kepler/J0000-00_59391.1259965277_cfbf00000_00001.ar,/fred/oz022/vdimarco/software/install/viterbi_psr_search/code/experiments/47_Tuc_O_Alessandro_Ridolfi/47Tuc_blind_search_v1/stage3_viterbi/candidates/cand_100/cand_100_track.dat
cand_116,binary,0.030033,0.133571,559.9821905609973,15.5705909729004,poly,15.5705909729004,7.66436719894409,366.1999512752398,44,"16,32,64,128",,/fred/oz022/vdimarco/software/install/viterbi_psr_search/code/experiments/47_Tuc_O_Alessandro_Ridolfi/47Tuc_blind_search_v1/stage4_fold/cand_116/poly/J0000-00_59391.1259965277_cfbf00000_00001.ar,/fred/oz022/vdimarco/software/install/viterbi_psr_search/code/experiments/47_Tuc_O_Alessandro_Ridolfi/47Tuc_blind_search_v1/stage3_viterbi/candidates/cand_116/cand_116_track.dat
cand_331,isolated,0.0,0.0,373.31255565449686,15.4235048294067,poly,15.4235048294067,15.3004350662231,576.9737825929743,31,"16,32,64,128",,/fred/oz022/vdimarco/software/install/viterbi_psr_search/code/experiments/47_Tuc_O_Alessandro_Ridolfi/47Tuc_blind_search_v1/stage4_fold/cand_331/poly/J0000-00_59391.1259965277_cfbf00000_00001.ar,/fred/oz022/vdimarco/software/install/viterbi_psr_search/code/experiments/47_Tuc_O_Alessandro_Ridolfi/47Tuc_blind_search_v1/stage3_viterbi/candidates/cand_331/cand_331_track.dat
cand_093,binary,0.186121,0.57041,636.317085329866,15.3822927474976,kepler,11.2289133071899,15.3822927474976,nan,,,,/fred/oz022/vdimarco/software/install/viterbi_psr_search/code/experiments/47_Tuc_O_Alessandro_Ridolfi/47Tuc_blind_search_v1/stage4_fold/cand_093/kepler/J0000-00_59391.1259965277_cfbf00000_00001.ar,/fred/oz022/vdimarco/software/install/viterbi_psr_search/code/experiments/47_Tuc_O_Alessandro_Ridolfi/47Tuc_blind_search_v1/stage3_viterbi/candidates/cand_093/cand_093_track.dat
cand_058,binary,0.029719,0.106952,716.078261605777,15.3326616287231,kepler,8.77806663513184,15.3326616287231,nan,,,,/fred/oz022/vdimarco/software/install/viterbi_psr_search/code/experiments/47_Tuc_O_Alessandro_Ridolfi/47Tuc_blind_search_v1/stage4_fold/cand_058/kepler/J0000-00_59391.1259965277_cfbf00000_00001.ar,/fred/oz022/vdimarco/software/install/viterbi_psr_search/code/experiments/47_Tuc_O_Alessandro_Ridolfi/47Tuc_blind_search_v1/stage3_viterbi/candidates/cand_058/cand_058_track.dat
cand_040,binary,0.040016,0.133571,476.04576729366,15.2575464248657,kepler,9.33874702453613,15.2575464248657,nan,,,,/fred/oz022/vdimarco/software/install/viterbi_psr_search/code/experiments/47_Tuc_O_Alessandro_Ridolfi/47Tuc_blind_search_v1/stage4_fold/cand_040/kepler/J0000-00_59391.1259965277_cfbf00000_00001.ar,/fred/oz022/vdimarco/software/install/viterbi_psr_search/code/experiments/47_Tuc_O_Alessandro_Ridolfi/47Tuc_blind_search_v1/stage3_viterbi/candidates/cand_040/cand_040_track.dat
cand_102,binary,0.085522,0.285205,734.672788739589,14.6393232345581,poly,14.6393232345581,5.03971385955811,nan,,,,/fred/oz022/vdimarco/software/install/viterbi_psr_search/code/experiments/47_Tuc_O_Alessandro_Ridolfi/47Tuc_blind_search_v1/stage4_fold/cand_102/poly/J0000-00_59391.1259965277_cfbf00000_00001.ar,/fred/oz022/vdimarco/software/install/viterbi_psr_search/code/experiments/47_Tuc_O_Alessandro_Ridolfi/47Tuc_blind_search_v1/stage3_viterbi/candidates/cand_102/cand_102_track.dat
cand_135,binary,0.019374,0.071206,392.736655511149,14.6183633804321,kepler,5.52056312561035,14.6183633804321,nan,,,,/fred/oz022/vdimarco/software/install/viterbi_psr_search/code/experiments/47_Tuc_O_Alessandro_Ridolfi/47Tuc_blind_search_v1/stage4_fold/cand_135/kepler/J0000-00_59391.1259965277_cfbf00000_00001.ar,/fred/oz022/vdimarco/software/install/viterbi_psr_search/code/experiments/47_Tuc_O_Alessandro_Ridolfi/47Tuc_blind_search_v1/stage3_viterbi/candidates/cand_135/cand_135_track.dat
cand_005,binary,0.030751,0.196078,199.9982174688057,14.4754810333252,poly,14.4754810333252,9.27895641326904,1183.2177835181408,33,"16,32,64,128,256",,/fred/oz022/vdimarco/software/install/viterbi_psr_search/code/experiments/47_Tuc_O_Alessandro_Ridolfi/47Tuc_blind_search_v1/stage4_fold/cand_005/poly/J0000-00_59391.1259965277_cfbf00000_00001.ar,/fred/oz022/vdimarco/software/install/viterbi_psr_search/code/experiments/47_Tuc_O_Alessandro_Ridolfi/47Tuc_blind_search_v1/stage3_viterbi/candidates/cand_005/cand_005_track.dat
cand_147,isolated,0.001044,0.004447,600.0089126559715,14.032036781311,kepler,8.94745922088623,14.032036781311,814.3333706199979,31,"16,32,64,128,256",,/fred/oz022/vdimarco/software/install/viterbi_psr_search/code/experiments/47_Tuc_O_Alessandro_Ridolfi/47Tuc_blind_search_v1/stage4_fold/cand_147/kepler/J0000-00_59391.1259965277_cfbf00000_00001.ar,/fred/oz022/vdimarco/software/install/viterbi_psr_search/code/experiments/47_Tuc_O_Alessandro_Ridolfi/47Tuc_blind_search_v1/stage3_viterbi/candidates/cand_147/cand_147_track.dat
cand_131,binary,0.017827,0.066756,267.0111259457054,13.6216402053833,poly,13.6216402053833,5.30419635772705,171.53713333330168,2,"16,64",,/fred/oz022/vdimarco/software/install/viterbi_psr_search/code/experiments/47_Tuc_O_Alessandro_Ridolfi/47Tuc_blind_search_v1/stage4_fold/cand_131/poly/J0000-00_59391.1259965277_cfbf00000_00001.ar,/fred/oz022/vdimarco/software/install/viterbi_psr_search/code/experiments/47_Tuc_O_Alessandro_Ridolfi/47Tuc_blind_search_v1/stage3_viterbi/candidates/cand_131/cand_131_track.dat
cand_001,binary,0.031808,0.196078,199.9982174688057,13.6139783859253,kepler,5.36577606201172,13.6139783859253,1183.2177835181408,33,"16,32,64,128,256",,/fred/oz022/vdimarco/software/install/viterbi_psr_search/code/experiments/47_Tuc_O_Alessandro_Ridolfi/47Tuc_blind_search_v1/stage4_fold/cand_001/kepler/J0000-00_59391.1259965277_cfbf00000_00001.ar,/fred/oz022/vdimarco/software/install/viterbi_psr_search/code/experiments/47_Tuc_O_Alessandro_Ridolfi/47Tuc_blind_search_v1/stage3_viterbi/candidates/cand_001/cand_001_track.dat
cand_106,binary,0.011727,0.053428,378.31700801424756,13.5147848129272,kepler,3.27644681930542,13.5147848129272,679.8428280773453,31,"16,32,64,128",J0024-7204O,/fred/oz022/vdimarco/software/install/viterbi_psr_search/code/experiments/47_Tuc_O_Alessandro_Ridolfi/47Tuc_blind_search_v1/stage4_fold/cand_106/kepler/J0000-00_59391.1259965277_cfbf00000_00001.ar,/fred/oz022/vdimarco/software/install/viterbi_psr_search/code/experiments/47_Tuc_O_Alessandro_Ridolfi/47Tuc_blind_search_v1/stage3_viterbi/candidates/cand_106/cand_106_track.dat
cand_196,isolated,0.003452,0.013342,756.6286731967944,13.5130434036255,poly,13.5130434036255,13.3278789520264,835.0441968665841,33,"16,32,64,128",,/fred/oz022/vdimarco/software/install/viterbi_psr_search/code/experiments/47_Tuc_O_Alessandro_Ridolfi/47Tuc_blind_search_v1/stage4_fold/cand_196/poly/J0000-00_59391.1259965277_cfbf00000_00001.ar,/fred/oz022/vdimarco/software/install/viterbi_psr_search/code/experiments/47_Tuc_O_Alessandro_Ridolfi/47Tuc_blind_search_v1/stage3_viterbi/candidates/cand_196/cand_196_track.dat
cand_076,binary,0.037977,0.160428,293.071177563494,13.3371601104736,poly,13.3371601104736,12.7836389541626,nan,,,,/fred/oz022/vdimarco/software/install/viterbi_psr_search/code/experiments/47_Tuc_O_Alessandro_Ridolfi/47Tuc_blind_search_v1/stage4_fold/cand_076/poly/J0000-00_59391.1259965277_cfbf00000_00001.ar,/fred/oz022/vdimarco/software/install/viterbi_psr_search/code/experiments/47_Tuc_O_Alessandro_Ridolfi/47Tuc_blind_search_v1/stage3_viterbi/candidates/cand_076/cand_076_track.dat
cand_019,binary,0.102772,0.57041,433.369614637776,13.3079166412354,poly,13.3079166412354,0.0,nan,,,,/fred/oz022/vdimarco/software/install/viterbi_psr_search/code/experiments/47_Tuc_O_Alessandro_Ridolfi/47Tuc_blind_search_v1/stage4_fold/cand_019/poly/J0000-00_59391.1259965277_cfbf00000_00001.ar,/fred/oz022/vdimarco/software/install/viterbi_psr_search/code/experiments/47_Tuc_O_Alessandro_Ridolfi/47Tuc_blind_search_v1/stage3_viterbi/candidates/cand_019/cand_019_track.dat
cand_160,isolated,0.000867,0.004447,373.31255565449686,13.14723777771,poly,13.14723777771,7.62263154983521,576.9737825929743,31,"16,32,64,128",,/fred/oz022/vdimarco/software/install/viterbi_psr_search/code/experiments/47_Tuc_O_Alessandro_Ridolfi/47Tuc_blind_search_v1/stage4_fold/cand_160/poly/J0000-00_59391.1259965277_cfbf00000_00001.ar,/fred/oz022/vdimarco/software/install/viterbi_psr_search/code/experiments/47_Tuc_O_Alessandro_Ridolfi/47Tuc_blind_search_v1/stage3_viterbi/candidates/cand_160/cand_160_track.dat
cand_272,isolated,0.000492,0.001111,762.2983081032947,13.0942296981812,kepler,10.8567667007446,13.0942296981812,479.22732366297373,30,"16,32,64,128",,/fred/oz022/vdimarco/software/install/viterbi_psr_search/code/experiments/47_Tuc_O_Alessandro_Ridolfi/47Tuc_blind_search_v1/stage4_fold/cand_272/kepler/J0000-00_59391.1259965277_cfbf00000_00001.ar,/fred/oz022/vdimarco/software/install/viterbi_psr_search/code/experiments/47_Tuc_O_Alessandro_Ridolfi/47Tuc_blind_search_v1/stage3_viterbi/candidates/cand_272/cand_272_track.dat
cand_342,isolated,0.000492,0.001111,762.2983081032947,12.8784685134888,kepler,10.8688564300537,12.8784685134888,479.22732366297373,30,"16,32,64,128",,/fred/oz022/vdimarco/software/install/viterbi_psr_search/code/experiments/47_Tuc_O_Alessandro_Ridolfi/47Tuc_blind_search_v1/stage4_fold/cand_342/kepler/J0000-00_59391.1259965277_cfbf00000_00001.ar,/fred/oz022/vdimarco/software/install/viterbi_psr_search/code/experiments/47_Tuc_O_Alessandro_Ridolfi/47Tuc_blind_search_v1/stage3_viterbi/candidates/cand_342/cand_342_track.dat
cand_051,binary,0.135634,0.534759,626.720070779208,12.8548707962036,kepler,4.68790721893311,12.8548707962036,nan,,,,/fred/oz022/vdimarco/software/install/viterbi_psr_search/code/experiments/47_Tuc_O_Alessandro_Ridolfi/47Tuc_blind_search_v1/stage4_fold/cand_051/kepler/J0000-00_59391.1259965277_cfbf00000_00001.ar,/fred/oz022/vdimarco/software/install/viterbi_psr_search/code/experiments/47_Tuc_O_Alessandro_Ridolfi/47Tuc_blind_search_v1/stage3_viterbi/candidates/cand_051/cand_051_track.dat
cand_025,binary,0.012641,0.071238,216.673196794301,12.7572164535522,poly,12.7572164535522,0.0,842.6489541685589,32,"16,32,64,128,256",,/fred/oz022/vdimarco/software/install/viterbi_psr_search/code/experiments/47_Tuc_O_Alessandro_Ridolfi/47Tuc_blind_search_v1/stage4_fold/cand_025/poly/J0000-00_59391.1259965277_cfbf00000_00001.ar,/fred/oz022/vdimarco/software/install/viterbi_psr_search/code/experiments/47_Tuc_O_Alessandro_Ridolfi/47Tuc_blind_search_v1/stage3_viterbi/candidates/cand_025/cand_025_track.dat
cand_119,binary,0.017858,0.071238,762.2983081032947,12.6634559631348,poly,12.6634559631348,5.30398750305176,479.22732366297373,30,"16,32,64,128",,/fred/oz022/vdimarco/software/install/viterbi_psr_search/code/experiments/47_Tuc_O_Alessandro_Ridolfi/47Tuc_blind_search_v1/stage4_fold/cand_119/poly/J0000-00_59391.1259965277_cfbf00000_00001.ar,/fred/oz022/vdimarco/software/install/viterbi_psr_search/code/experiments/47_Tuc_O_Alessandro_Ridolfi/47Tuc_blind_search_v1/stage3_viterbi/candidates/cand_119/cand_119_track.dat
cand_038,binary,0.079981,0.285205,572.190578814226,12.5969209671021,poly,12.5969209671021,8.74819850921631,nan,,,,/fred/oz022/vdimarco/software/install/viterbi_psr_search/code/experiments/47_Tuc_O_Alessandro_Ridolfi/47Tuc_blind_search_v1/stage4_fold/cand_038/poly/J0000-00_59391.1259965277_cfbf00000_00001.ar,/fred/oz022/vdimarco/software/install/viterbi_psr_search/code/experiments/47_Tuc_O_Alessandro_Ridolfi/47Tuc_blind_search_v1/stage3_viterbi/candidates/cand_038/cand_038_track.dat
cand_042,binary,0.306427,0.802139,475.874585140956,12.551908493042,kepler,6.76324033737183,12.551908493042,nan,,,,/fred/oz022/vdimarco/software/install/viterbi_psr_search/code/experiments/47_Tuc_O_Alessandro_Ridolfi/47Tuc_blind_search_v1/stage4_fold/cand_042/kepler/J0000-00_59391.1259965277_cfbf00000_00001.ar,/fred/oz022/vdimarco/software/install/viterbi_psr_search/code/experiments/47_Tuc_O_Alessandro_Ridolfi/47Tuc_blind_search_v1/stage3_viterbi/candidates/cand_042/cand_042_track.dat
cand_068,binary,0.033871,0.178253,698.174048118903,12.2174119949341,poly,12.2174119949341,3.90745496749878,nan,,,,/fred/oz022/vdimarco/software/install/viterbi_psr_search/code/experiments/47_Tuc_O_Alessandro_Ridolfi/47Tuc_blind_search_v1/stage4_fold/cand_068/poly/J0000-00_59391.1259965277_cfbf00000_00001.ar,/fred/oz022/vdimarco/software/install/viterbi_psr_search/code/experiments/47_Tuc_O_Alessandro_Ridolfi/47Tuc_blind_search_v1/stage3_viterbi/candidates/cand_068/cand_068_track.dat
cand_126,binary,0.020038,0.080107,750.0026702269693,11.9592561721802,poly,11.9592561721802,8.07936382293701,182.79980771158472,5,"16,32,64",,/fred/oz022/vdimarco/software/install/viterbi_psr_search/code/experiments/47_Tuc_O_Alessandro_Ridolfi/47Tuc_blind_search_v1/stage4_fold/cand_126/poly/J0000-00_59391.1259965277_cfbf00000_00001.ar,/fred/oz022/vdimarco/software/install/viterbi_psr_search/code/experiments/47_Tuc_O_Alessandro_Ridolfi/47Tuc_blind_search_v1/stage3_viterbi/candidates/cand_126/cand_126_track.dat
cand_123,binary,0.023021,0.097952,750.0026702269693,11.8699035644531,poly,11.8699035644531,9.8604211807251,182.79980771158472,5,"16,32,64",,/fred/oz022/vdimarco/software/install/viterbi_psr_search/code/experiments/47_Tuc_O_Alessandro_Ridolfi/47Tuc_blind_search_v1/stage4_fold/cand_123/poly/J0000-00_59391.1259965277_cfbf00000_00001.ar,/fred/oz022/vdimarco/software/install/viterbi_psr_search/code/experiments/47_Tuc_O_Alessandro_Ridolfi/47Tuc_blind_search_v1/stage3_viterbi/candidates/cand_123/cand_123_track.dat
cand_043,binary,0.194529,0.606061,800.0409982174688,11.8233308792114,poly,11.8233308792114,6.70237445831299,691.9693647549558,16,"16,32,64,128,256",,/fred/oz022/vdimarco/software/install/viterbi_psr_search/code/experiments/47_Tuc_O_Alessandro_Ridolfi/47Tuc_blind_search_v1/stage4_fold/cand_043/poly/J0000-00_59391.1259965277_cfbf00000_00001.ar,/fred/oz022/vdimarco/software/install/viterbi_psr_search/code/experiments/47_Tuc_O_Alessandro_Ridolfi/47Tuc_blind_search_v1/stage3_viterbi/candidates/cand_043/cand_043_track.dat
cand_108,binary,0.022631,0.106857,378.31700801424756,11.6453619003296,kepler,1.75766777992249,11.6453619003296,679.8428280773453,31,"16,32,64,128",J0024-7204O,/fred/oz022/vdimarco/software/install/viterbi_psr_search/code/experiments/47_Tuc_O_Alessandro_Ridolfi/47Tuc_blind_search_v1/stage4_fold/cand_108/kepler/J0000-00_59391.1259965277_cfbf00000_00001.ar,/fred/oz022/vdimarco/software/install/viterbi_psr_search/code/experiments/47_Tuc_O_Alessandro_Ridolfi/47Tuc_blind_search_v1/stage3_viterbi/candidates/cand_108/cand_108_track.dat
cand_009,binary,0.029675,0.196078,433.332158766338,11.3065004348755,poly,11.3065004348755,2.65946960449219,nan,,,,/fred/oz022/vdimarco/software/install/viterbi_psr_search/code/experiments/47_Tuc_O_Alessandro_Ridolfi/47Tuc_blind_search_v1/stage4_fold/cand_009/poly/J0000-00_59391.1259965277_cfbf00000_00001.ar,/fred/oz022/vdimarco/software/install/viterbi_psr_search/code/experiments/47_Tuc_O_Alessandro_Ridolfi/47Tuc_blind_search_v1/stage3_viterbi/candidates/cand_009/cand_009_track.dat
cand_118,binary,0.015889,0.071238,649.9973285841496,11.0160207748413,kepler,6.69549751281738,11.0160207748413,361.23818071831244,27,"16,32,64,128",,/fred/oz022/vdimarco/software/install/viterbi_psr_search/code/experiments/47_Tuc_O_Alessandro_Ridolfi/47Tuc_blind_search_v1/stage4_fold/cand_118/kepler/J0000-00_59391.1259965277_cfbf00000_00001.ar,/fred/oz022/vdimarco/software/install/viterbi_psr_search/code/experiments/47_Tuc_O_Alessandro_Ridolfi/47Tuc_blind_search_v1/stage3_viterbi/candidates/cand_118/cand_118_track.dat
cand_079,binary,0.030482,0.178253,563.729934399464,10.9590244293213,poly,10.9590244293213,7.87422037124634,nan,,,,/fred/oz022/vdimarco/software/install/viterbi_psr_search/code/experiments/47_Tuc_O_Alessandro_Ridolfi/47Tuc_blind_search_v1/stage4_fold/cand_079/poly/J0000-00_59391.1259965277_cfbf00000_00001.ar,/fred/oz022/vdimarco/software/install/viterbi_psr_search/code/experiments/47_Tuc_O_Alessandro_Ridolfi/47Tuc_blind_search_v1/stage3_viterbi/candidates/cand_079/cand_079_track.dat
cand_082,binary,0.041171,0.213904,275.065974373843,10.9169578552246,poly,10.9169578552246,7.82912635803223,nan,,,,/fred/oz022/vdimarco/software/install/viterbi_psr_search/code/experiments/47_Tuc_O_Alessandro_Ridolfi/47Tuc_blind_search_v1/stage4_fold/cand_082/poly/J0000-00_59391.1259965277_cfbf00000_00001.ar,/fred/oz022/vdimarco/software/install/viterbi_psr_search/code/experiments/47_Tuc_O_Alessandro_Ridolfi/47Tuc_blind_search_v1/stage3_viterbi/candidates/cand_082/cand_082_track.dat
cand_037,binary,0.120202,0.481283,731.245392783529,10.9117269515991,poly,10.9117269515991,5.07599496841431,nan,,,,/fred/oz022/vdimarco/software/install/viterbi_psr_search/code/experiments/47_Tuc_O_Alessandro_Ridolfi/47Tuc_blind_search_v1/stage4_fold/cand_037/poly/J0000-00_59391.1259965277_cfbf00000_00001.ar,/fred/oz022/vdimarco/software/install/viterbi_psr_search/code/experiments/47_Tuc_O_Alessandro_Ridolfi/47Tuc_blind_search_v1/stage3_viterbi/candidates/cand_037/cand_037_track.dat
cand_081,binary,0.069937,0.231729,707.833416357456,10.8782119750977,poly,10.8782119750977,10.7301950454712,nan,,,,/fred/oz022/vdimarco/software/install/viterbi_psr_search/code/experiments/47_Tuc_O_Alessandro_Ridolfi/47Tuc_blind_search_v1/stage4_fold/cand_081/poly/J0000-00_59391.1259965277_cfbf00000_00001.ar,/fred/oz022/vdimarco/software/install/viterbi_psr_search/code/experiments/47_Tuc_O_Alessandro_Ridolfi/47Tuc_blind_search_v1/stage3_viterbi/candidates/cand_081/cand_081_track.dat
cand_029,binary,0.056432,0.196078,635.102520311836,10.7970695495605,poly,10.7970695495605,4.39223957061768,nan,,,,/fred/oz022/vdimarco/software/install/viterbi_psr_search/code/experiments/47_Tuc_O_Alessandro_Ridolfi/47Tuc_blind_search_v1/stage4_fold/cand_029/poly/J0000-00_59391.1259965277_cfbf00000_00001.ar,/fred/oz022/vdimarco/software/install/viterbi_psr_search/code/experiments/47_Tuc_O_Alessandro_Ridolfi/47Tuc_blind_search_v1/stage3_viterbi/candidates/cand_029/cand_029_track.dat
cand_044,binary,0.189067,0.748663,569.571409570329,10.770679473877,kepler,6.24860906600952,10.770679473877,nan,,,,/fred/oz022/vdimarco/software/install/viterbi_psr_search/code/experiments/47_Tuc_O_Alessandro_Ridolfi/47Tuc_blind_search_v1/stage4_fold/cand_044/kepler/J0000-00_59391.1259965277_cfbf00000_00001.ar,/fred/oz022/vdimarco/software/install/viterbi_psr_search/code/experiments/47_Tuc_O_Alessandro_Ridolfi/47Tuc_blind_search_v1/stage3_viterbi/candidates/cand_044/cand_044_track.dat
cand_004,binary,0.023376,0.142602,433.352650893436,10.6749534606934,poly,10.6749534606934,9.36313819885254,nan,,,,/fred/oz022/vdimarco/software/install/viterbi_psr_search/code/experiments/47_Tuc_O_Alessandro_Ridolfi/47Tuc_blind_search_v1/stage4_fold/cand_004/poly/J0000-00_59391.1259965277_cfbf00000_00001.ar,/fred/oz022/vdimarco/software/install/viterbi_psr_search/code/experiments/47_Tuc_O_Alessandro_Ridolfi/47Tuc_blind_search_v1/stage3_viterbi/candidates/cand_004/cand_004_track.dat
cand_045,binary,0.050042,0.178253,707.042030747994,10.6399698257446,poly,10.6399698257446,8.05900192260742,nan,,,,/fred/oz022/vdimarco/software/install/viterbi_psr_search/code/experiments/47_Tuc_O_Alessandro_Ridolfi/47Tuc_blind_search_v1/stage4_fold/cand_045/poly/J0000-00_59391.1259965277_cfbf00000_00001.ar,/fred/oz022/vdimarco/software/install/viterbi_psr_search/code/experiments/47_Tuc_O_Alessandro_Ridolfi/47Tuc_blind_search_v1/stage3_viterbi/candidates/cand_045/cand_045_track.dat
cand_109,binary,0.011315,0.062333,373.31255565449686,10.6396570205688,kepler,7.2339882850647,10.6396570205688,576.9737825929743,31,"16,32,64,128",,/fred/oz022/vdimarco/software/install/viterbi_psr_search/code/experiments/47_Tuc_O_Alessandro_Ridolfi/47Tuc_blind_search_v1/stage4_fold/cand_109/kepler/J0000-00_59391.1259965277_cfbf00000_00001.ar,/fred/oz022/vdimarco/software/install/viterbi_psr_search/code/experiments/47_Tuc_O_Alessandro_Ridolfi/47Tuc_blind_search_v1/stage3_viterbi/candidates/cand_109/cand_109_track.dat
cand_021,binary,0.018439,0.080142,756.6286731967944,10.5712966918945,kepler,5.12961339950562,10.5712966918945,835.0441968665841,33,"16,32,64,128",,/fred/oz022/vdimarco/software/install/viterbi_psr_search/code/experiments/47_Tuc_O_Alessandro_Ridolfi/47Tuc_blind_search_v1/stage4_fold/cand_021/kepler/J0000-00_59391.1259965277_cfbf00000_00001.ar,/fred/oz022/vdimarco/software/install/viterbi_psr_search/code/experiments/47_Tuc_O_Alessandro_Ridolfi/47Tuc_blind_search_v1/stage3_viterbi/candidates/cand_021/cand_021_track.dat
cand_012,binary,0.102213,0.57041,433.370635685527,10.5681858062744,poly,10.5681858062744,0.0,nan,,,,/fred/oz022/vdimarco/software/install/viterbi_psr_search/code/experiments/47_Tuc_O_Alessandro_Ridolfi/47Tuc_blind_search_v1/stage4_fold/cand_012/poly/J0000-00_59391.1259965277_cfbf00000_00001.ar,/fred/oz022/vdimarco/software/install/viterbi_psr_search/code/experiments/47_Tuc_O_Alessandro_Ridolfi/47Tuc_blind_search_v1/stage3_viterbi/candidates/cand_012/cand_012_track.dat
cand_060,binary,0.15372,0.606061,499.921568627451,10.5107774734497,poly,10.5107774734497,4.07458829879761,654.915883075417,17,"16,32,64,128,256",,/fred/oz022/vdimarco/software/install/viterbi_psr_search/code/experiments/47_Tuc_O_Alessandro_Ridolfi/47Tuc_blind_search_v1/stage4_fold/cand_060/poly/J0000-00_59391.1259965277_cfbf00000_00001.ar,/fred/oz022/vdimarco/software/install/viterbi_psr_search/code/experiments/47_Tuc_O_Alessandro_Ridolfi/47Tuc_blind_search_v1/stage3_viterbi/candidates/cand_060/cand_060_track.dat
cand_111,binary,0.012385,0.071238,762.2983081032947,10.2311429977417,poly,10.2311429977417,7.27091836929321,479.22732366297373,30,"16,32,64,128",,/fred/oz022/vdimarco/software/install/viterbi_psr_search/code/experiments/47_Tuc_O_Alessandro_Ridolfi/47Tuc_blind_search_v1/stage4_fold/cand_111/poly/J0000-00_59391.1259965277_cfbf00000_00001.ar,/fred/oz022/vdimarco/software/install/viterbi_psr_search/code/experiments/47_Tuc_O_Alessandro_Ridolfi/47Tuc_blind_search_v1/stage3_viterbi/candidates/cand_111/cand_111_track.dat
cand_096,binary,0.032229,0.178253,338.301485950138,10.2126712799072,poly,10.2126712799072,3.17877888679504,nan,,,,/fred/oz022/vdimarco/software/install/viterbi_psr_search/code/experiments/47_Tuc_O_Alessandro_Ridolfi/47Tuc_blind_search_v1/stage4_fold/cand_096/poly/J0000-00_59391.1259965277_cfbf00000_00001.ar,/fred/oz022/vdimarco/software/install/viterbi_psr_search/code/experiments/47_Tuc_O_Alessandro_Ridolfi/47Tuc_blind_search_v1/stage3_viterbi/candidates/cand_096/cand_096_track.dat
cand_134,binary,0.014695,0.053405,615.8685790527018,10.1431159973145,poly,10.1431159973145,5.0780086517334,89.09898288256116,2,"16,32",,/fred/oz022/vdimarco/software/install/viterbi_psr_search/code/experiments/47_Tuc_O_Alessandro_Ridolfi/47Tuc_blind_search_v1/stage4_fold/cand_134/poly/J0000-00_59391.1259965277_cfbf00000_00001.ar,/fred/oz022/vdimarco/software/install/viterbi_psr_search/code/experiments/47_Tuc_O_Alessandro_Ridolfi/47Tuc_blind_search_v1/stage3_viterbi/candidates/cand_134/cand_134_track.dat
cand_028,binary,0.016413,0.071238,756.6286731967944,10.1025362014771,kepler,6.58030271530151,10.1025362014771,835.0441968665841,33,"16,32,64,128",,/fred/oz022/vdimarco/software/install/viterbi_psr_search/code/experiments/47_Tuc_O_Alessandro_Ridolfi/47Tuc_blind_search_v1/stage4_fold/cand_028/kepler/J0000-00_59391.1259965277_cfbf00000_00001.ar,/fred/oz022/vdimarco/software/install/viterbi_psr_search/code/experiments/47_Tuc_O_Alessandro_Ridolfi/47Tuc_blind_search_v1/stage3_viterbi/candidates/cand_028/cand_028_track.dat
cand_059,binary,0.057493,0.231729,320.828967738122,10.0079736709595,kepler,5.8402886390686,10.0079736709595,nan,,,,/fred/oz022/vdimarco/software/install/viterbi_psr_search/code/experiments/47_Tuc_O_Alessandro_Ridolfi/47Tuc_blind_search_v1/stage4_fold/cand_059/kepler/J0000-00_59391.1259965277_cfbf00000_00001.ar,/fred/oz022/vdimarco/software/install/viterbi_psr_search/code/experiments/47_Tuc_O_Alessandro_Ridolfi/47Tuc_blind_search_v1/stage3_viterbi/candidates/cand_059/cand_059_track.dat
cand_036,binary,0.027465,0.160428,400.01247771836006,10.0077419281006,kepler,4.71738529205322,10.0077419281006,768.0259827673948,36,"16,32,64,128,256",,/fred/oz022/vdimarco/software/install/viterbi_psr_search/code/experiments/47_Tuc_O_Alessandro_Ridolfi/47Tuc_blind_search_v1/stage4_fold/cand_036/kepler/J0000-00_59391.1259965277_cfbf00000_00001.ar,/fred/oz022/vdimarco/software/install/viterbi_psr_search/code/experiments/47_Tuc_O_Alessandro_Ridolfi/47Tuc_blind_search_v1/stage3_viterbi/candidates/cand_036/cand_036_track.dat
cand_210,isolated,0.000679,0.002223,600.0089126559715,9.86924362182617,poly,9.86924362182617,8.30275821685791,814.3333706199979,31,"16,32,64,128,256",,/fred/oz022/vdimarco/software/install/viterbi_psr_search/code/experiments/47_Tuc_O_Alessandro_Ridolfi/47Tuc_blind_search_v1/stage4_fold/cand_210/poly/J0000-00_59391.1259965277_cfbf00000_00001.ar,/fred/oz022/vdimarco/software/install/viterbi_psr_search/code/experiments/47_Tuc_O_Alessandro_Ridolfi/47Tuc_blind_search_v1/stage3_viterbi/candidates/cand_210/cand_210_track.dat
cand_247,isolated,0.000378,0.001111,762.2983081032947,9.78825092315674,poly,9.78825092315674,5.53545475006104,479.22732366297373,30,"16,32,64,128",,/fred/oz022/vdimarco/software/install/viterbi_psr_search/code/experiments/47_Tuc_O_Alessandro_Ridolfi/47Tuc_blind_search_v1/stage4_fold/cand_247/poly/J0000-00_59391.1259965277_cfbf00000_00001.ar,/fred/oz022/vdimarco/software/install/viterbi_psr_search/code/experiments/47_Tuc_O_Alessandro_Ridolfi/47Tuc_blind_search_v1/stage3_viterbi/candidates/cand_247/cand_247_track.dat
cand_142,isolated,0.000879,0.002224,600.0089126559715,9.74932956695557,poly,9.74932956695557,3.50665974617004,814.3333706199979,31,"16,32,64,128,256",,/fred/oz022/vdimarco/software/install/viterbi_psr_search/code/experiments/47_Tuc_O_Alessandro_Ridolfi/47Tuc_blind_search_v1/stage4_fold/cand_142/poly/J0000-00_59391.1259965277_cfbf00000_00001.ar,/fred/oz022/vdimarco/software/install/viterbi_psr_search/code/experiments/47_Tuc_O_Alessandro_Ridolfi/47Tuc_blind_search_v1/stage3_viterbi/candidates/cand_142/cand_142_track.dat
cand_018,binary,0.075722,0.392157,433.329280066272,9.72676563262939,poly,9.72676563262939,0.0,nan,,,,/fred/oz022/vdimarco/software/install/viterbi_psr_search/code/experiments/47_Tuc_O_Alessandro_Ridolfi/47Tuc_blind_search_v1/stage4_fold/cand_018/poly/J0000-00_59391.1259965277_cfbf00000_00001.ar,/fred/oz022/vdimarco/software/install/viterbi_psr_search/code/experiments/47_Tuc_O_Alessandro_Ridolfi/47Tuc_blind_search_v1/stage3_viterbi/candidates/cand_018/cand_018_track.dat
cand_115,binary,0.016908,0.071238,600.0089126559715,9.71596050262451,kepler,8.71840000152588,9.71596050262451,814.3333706199979,31,"16,32,64,128,256",,/fred/oz022/vdimarco/software/install/viterbi_psr_search/code/experiments/47_Tuc_O_Alessandro_Ridolfi/47Tuc_blind_search_v1/stage4_fold/cand_115/kepler/J0000-00_59391.1259965277_cfbf00000_00001.ar,/fred/oz022/vdimarco/software/install/viterbi_psr_search/code/experiments/47_Tuc_O_Alessandro_Ridolfi/47Tuc_blind_search_v1/stage3_viterbi/candidates/cand_115/cand_115_track.dat
cand_056,binary,0.04041,0.196078,509.634561969715,9.61165428161621,kepler,6.34724903106689,9.61165428161621,nan,,,,/fred/oz022/vdimarco/software/install/viterbi_psr_search/code/experiments/47_Tuc_O_Alessandro_Ridolfi/47Tuc_blind_search_v1/stage4_fold/cand_056/kepler/J0000-00_59391.1259965277_cfbf00000_00001.ar,/fred/oz022/vdimarco/software/install/viterbi_psr_search/code/experiments/47_Tuc_O_Alessandro_Ridolfi/47Tuc_blind_search_v1/stage3_viterbi/candidates/cand_056/cand_056_track.dat
cand_057,binary,0.042471,0.196078,671.127107405938,9.34489154815674,poly,9.34489154815674,7.06908416748047,nan,,,,/fred/oz022/vdimarco/software/install/viterbi_psr_search/code/experiments/47_Tuc_O_Alessandro_Ridolfi/47Tuc_blind_search_v1/stage4_fold/cand_057/poly/J0000-00_59391.1259965277_cfbf00000_00001.ar,/fred/oz022/vdimarco/software/install/viterbi_psr_search/code/experiments/47_Tuc_O_Alessandro_Ridolfi/47Tuc_blind_search_v1/stage3_viterbi/candidates/cand_057/cand_057_track.dat
cand_016,binary,0.030045,0.196078,199.9982174688057,9.1383695602417,kepler,5.91615390777588,9.1383695602417,1183.2177835181408,33,"16,32,64,128,256",,/fred/oz022/vdimarco/software/install/viterbi_psr_search/code/experiments/47_Tuc_O_Alessandro_Ridolfi/47Tuc_blind_search_v1/stage4_fold/cand_016/kepler/J0000-00_59391.1259965277_cfbf00000_00001.ar,/fred/oz022/vdimarco/software/install/viterbi_psr_search/code/experiments/47_Tuc_O_Alessandro_Ridolfi/47Tuc_blind_search_v1/stage3_viterbi/candidates/cand_016/cand_016_track.dat
cand_014,binary,0.078178,0.392157,433.32956689922,9.12448501586914,poly,9.12448501586914,6.87950611114502,nan,,,,/fred/oz022/vdimarco/software/install/viterbi_psr_search/code/experiments/47_Tuc_O_Alessandro_Ridolfi/47Tuc_blind_search_v1/stage4_fold/cand_014/poly/J0000-00_59391.1259965277_cfbf00000_00001.ar,/fred/oz022/vdimarco/software/install/viterbi_psr_search/code/experiments/47_Tuc_O_Alessandro_Ridolfi/47Tuc_blind_search_v1/stage3_viterbi/candidates/cand_014/cand_014_track.dat
cand_110,binary,0.01744,0.071238,762.2983081032947,9.04650688171387,poly,9.04650688171387,5.71031904220581,479.22732366297373,30,"16,32,64,128",,/fred/oz022/vdimarco/software/install/viterbi_psr_search/code/experiments/47_Tuc_O_Alessandro_Ridolfi/47Tuc_blind_search_v1/stage4_fold/cand_110/poly/J0000-00_59391.1259965277_cfbf00000_00001.ar,/fred/oz022/vdimarco/software/install/viterbi_psr_search/code/experiments/47_Tuc_O_Alessandro_Ridolfi/47Tuc_blind_search_v1/stage3_viterbi/candidates/cand_110/cand_110_track.dat
cand_024,binary,0.075649,0.392157,433.328507100286,9.01955127716064,poly,9.01955127716064,0.0,nan,,,,/fred/oz022/vdimarco/software/install/viterbi_psr_search/code/experiments/47_Tuc_O_Alessandro_Ridolfi/47Tuc_blind_search_v1/stage4_fold/cand_024/poly/J0000-00_59391.1259965277_cfbf00000_00001.ar,/fred/oz022/vdimarco/software/install/viterbi_psr_search/code/experiments/47_Tuc_O_Alessandro_Ridolfi/47Tuc_blind_search_v1/stage3_viterbi/candidates/cand_024/cand_024_track.dat
cand_117,isolated,0.009328,0.053428,400.01247771836006,8.65282917022705,poly,8.65282917022705,7.48589849472046,768.0259827673948,36,"16,32,64,128,256",,/fred/oz022/vdimarco/software/install/viterbi_psr_search/code/experiments/47_Tuc_O_Alessandro_Ridolfi/47Tuc_blind_search_v1/stage4_fold/cand_117/poly/J0000-00_59391.1259965277_cfbf00000_00001.ar,/fred/oz022/vdimarco/software/install/viterbi_psr_search/code/experiments/47_Tuc_O_Alessandro_Ridolfi/47Tuc_blind_search_v1/stage3_viterbi/candidates/cand_117/cand_117_track.dat
cand_091,binary,0.192944,0.57041,311.396505139573,8.54971790313721,kepler,1.2136527299881,8.54971790313721,nan,,,,/fred/oz022/vdimarco/software/install/viterbi_psr_search/code/experiments/47_Tuc_O_Alessandro_Ridolfi/47Tuc_blind_search_v1/stage4_fold/cand_091/kepler/J0000-00_59391.1259965277_cfbf00000_00001.ar,/fred/oz022/vdimarco/software/install/viterbi_psr_search/code/experiments/47_Tuc_O_Alessandro_Ridolfi/47Tuc_blind_search_v1/stage3_viterbi/candidates/cand_091/cand_091_track.dat
cand_013,binary,0.034183,0.178253,186.67230632235083,8.43242835998535,kepler,3.81099271774292,8.43242835998535,1134.4429422211845,23,"16,32,64,128",J0024-7204D,/fred/oz022/vdimarco/software/install/viterbi_psr_search/code/experiments/47_Tuc_O_Alessandro_Ridolfi/47Tuc_blind_search_v1/stage4_fold/cand_013/kepler/J0000-00_59391.1259965277_cfbf00000_00001.ar,/fred/oz022/vdimarco/software/install/viterbi_psr_search/code/experiments/47_Tuc_O_Alessandro_Ridolfi/47Tuc_blind_search_v1/stage3_viterbi/candidates/cand_013/cand_013_track.dat
cand_120,binary,0.026815,0.124666,559.9821905609973,8.35727787017822,poly,8.35727787017822,5.79453802108765,366.1999512752398,44,"16,32,64,128",,/fred/oz022/vdimarco/software/install/viterbi_psr_search/code/experiments/47_Tuc_O_Alessandro_Ridolfi/47Tuc_blind_search_v1/stage4_fold/cand_120/poly/J0000-00_59391.1259965277_cfbf00000_00001.ar,/fred/oz022/vdimarco/software/install/viterbi_psr_search/code/experiments/47_Tuc_O_Alessandro_Ridolfi/47Tuc_blind_search_v1/stage3_viterbi/candidates/cand_120/cand_120_track.dat
cand_023,binary,0.031685,0.160428,600.0089126559715,8.117919921875,poly,8.117919921875,5.62454128265381,814.3333706199979,31,"16,32,64,128,256",,/fred/oz022/vdimarco/software/install/viterbi_psr_search/code/experiments/47_Tuc_O_Alessandro_Ridolfi/47Tuc_blind_search_v1/stage4_fold/cand_023/poly/J0000-00_59391.1259965277_cfbf00000_00001.ar,/fred/oz022/vdimarco/software/install/viterbi_psr_search/code/experiments/47_Tuc_O_Alessandro_Ridolfi/47Tuc_blind_search_v1/stage3_viterbi/candidates/cand_023/cand_023_track.dat
cand_007,binary,0.012009,0.089127,186.67230632235083,8.05431175231934,kepler,8.02105236053467,8.05431175231934,1134.4429422211845,23,"16,32,64,128",J0024-7204D,/fred/oz022/vdimarco/software/install/viterbi_psr_search/code/experiments/47_Tuc_O_Alessandro_Ridolfi/47Tuc_blind_search_v1/stage4_fold/cand_007/kepler/J0000-00_59391.1259965277_cfbf00000_00001.ar,/fred/oz022/vdimarco/software/install/viterbi_psr_search/code/experiments/47_Tuc_O_Alessandro_Ridolfi/47Tuc_blind_search_v1/stage3_viterbi/candidates/cand_007/cand_007_track.dat
cand_075,binary,0.062654,0.231729,734.136161554532,7.98745727539062,poly,7.98745727539062,7.53176593780518,nan,,,,/fred/oz022/vdimarco/software/install/viterbi_psr_search/code/experiments/47_Tuc_O_Alessandro_Ridolfi/47Tuc_blind_search_v1/stage4_fold/cand_075/poly/J0000-00_59391.1259965277_cfbf00000_00001.ar,/fred/oz022/vdimarco/software/install/viterbi_psr_search/code/experiments/47_Tuc_O_Alessandro_Ridolfi/47Tuc_blind_search_v1/stage3_viterbi/candidates/cand_075/cand_075_track.dat
cand_074,binary,0.098189,0.445633,299.900343762011,7.86959218978882,kepler,2.51914715766907,7.86959218978882,nan,,,,/fred/oz022/vdimarco/software/install/viterbi_psr_search/code/experiments/47_Tuc_O_Alessandro_Ridolfi/47Tuc_blind_search_v1/stage4_fold/cand_074/kepler/J0000-00_59391.1259965277_cfbf00000_00001.ar,/fred/oz022/vdimarco/software/install/viterbi_psr_search/code/experiments/47_Tuc_O_Alessandro_Ridolfi/47Tuc_blind_search_v1/stage3_viterbi/candidates/cand_074/cand_074_track.dat
cand_055,binary,0.047804,0.196078,536.056033918376,7.8062858581543,kepler,3.59605860710144,7.8062858581543,nan,,,,/fred/oz022/vdimarco/software/install/viterbi_psr_search/code/experiments/47_Tuc_O_Alessandro_Ridolfi/47Tuc_blind_search_v1/stage4_fold/cand_055/kepler/J0000-00_59391.1259965277_cfbf00000_00001.ar,/fred/oz022/vdimarco/software/install/viterbi_psr_search/code/experiments/47_Tuc_O_Alessandro_Ridolfi/47Tuc_blind_search_v1/stage3_viterbi/candidates/cand_055/cand_055_track.dat
cand_003,binary,0.074558,0.392157,433.337441049813,7.72063827514648,kepler,5.03796339035034,7.72063827514648,nan,,,,/fred/oz022/vdimarco/software/install/viterbi_psr_search/code/experiments/47_Tuc_O_Alessandro_Ridolfi/47Tuc_blind_search_v1/stage4_fold/cand_003/kepler/J0000-00_59391.1259965277_cfbf00000_00001.ar,/fred/oz022/vdimarco/software/install/viterbi_psr_search/code/experiments/47_Tuc_O_Alessandro_Ridolfi/47Tuc_blind_search_v1/stage3_viterbi/candidates/cand_003/cand_003_track.dat
cand_063,binary,0.051002,0.213904,527.13304518396,7.71386098861694,poly,7.71386098861694,7.20793151855469,nan,,,,/fred/oz022/vdimarco/software/install/viterbi_psr_search/code/experiments/47_Tuc_O_Alessandro_Ridolfi/47Tuc_blind_search_v1/stage4_fold/cand_063/poly/J0000-00_59391.1259965277_cfbf00000_00001.ar,/fred/oz022/vdimarco/software/install/viterbi_psr_search/code/experiments/47_Tuc_O_Alessandro_Ridolfi/47Tuc_blind_search_v1/stage3_viterbi/candidates/cand_063/cand_063_track.dat
cand_104,binary,0.295785,0.87344,485.14654728421,7.69253206253052,poly,7.69253206253052,7.42910003662109,nan,,,,/fred/oz022/vdimarco/software/install/viterbi_psr_search/code/experiments/47_Tuc_O_Alessandro_Ridolfi/47Tuc_blind_search_v1/stage4_fold/cand_104/poly/J0000-00_59391.1259965277_cfbf00000_00001.ar,/fred/oz022/vdimarco/software/install/viterbi_psr_search/code/experiments/47_Tuc_O_Alessandro_Ridolfi/47Tuc_blind_search_v1/stage3_viterbi/candidates/cand_104/cand_104_track.dat
cand_127,binary,0.014575,0.048954,208.173564753004,7.68146944046021,poly,7.68146944046021,5.78099060058594,176.03069886028135,4,"16,32,64",,/fred/oz022/vdimarco/software/install/viterbi_psr_search/code/experiments/47_Tuc_O_Alessandro_Ridolfi/47Tuc_blind_search_v1/stage4_fold/cand_127/poly/J0000-00_59391.1259965277_cfbf00000_00001.ar,/fred/oz022/vdimarco/software/install/viterbi_psr_search/code/experiments/47_Tuc_O_Alessandro_Ridolfi/47Tuc_blind_search_v1/stage3_viterbi/candidates/cand_127/cand_127_track.dat
cand_050,binary,0.014255,0.071238,378.31700801424756,7.61608171463013,poly,7.61608171463013,4.39023733139038,679.8428280773453,31,"16,32,64,128",J0024-7204O,/fred/oz022/vdimarco/software/install/viterbi_psr_search/code/experiments/47_Tuc_O_Alessandro_Ridolfi/47Tuc_blind_search_v1/stage4_fold/cand_050/poly/J0000-00_59391.1259965277_cfbf00000_00001.ar,/fred/oz022/vdimarco/software/install/viterbi_psr_search/code/experiments/47_Tuc_O_Alessandro_Ridolfi/47Tuc_blind_search_v1/stage3_viterbi/candidates/cand_050/cand_050_track.dat
cand_070,binary,0.041288,0.178253,356.1516566599956,7.48648977279663,poly,7.48648977279663,3.25791883468628,94.71702081201043,5,"16,32",,/fred/oz022/vdimarco/software/install/viterbi_psr_search/code/experiments/47_Tuc_O_Alessandro_Ridolfi/47Tuc_blind_search_v1/stage4_fold/cand_070/poly/J0000-00_59391.1259965277_cfbf00000_00001.ar,/fred/oz022/vdimarco/software/install/viterbi_psr_search/code/experiments/47_Tuc_O_Alessandro_Ridolfi/47Tuc_blind_search_v1/stage3_viterbi/candidates/cand_070/cand_070_track.dat
cand_254,isolated,0.000524,0.001111,373.31255565449686,7.32164287567139,poly,7.32164287567139,6.5215277671814,576.9737825929743,31,"16,32,64,128",,/fred/oz022/vdimarco/software/install/viterbi_psr_search/code/experiments/47_Tuc_O_Alessandro_Ridolfi/47Tuc_blind_search_v1/stage4_fold/cand_254/poly/J0000-00_59391.1259965277_cfbf00000_00001.ar,/fred/oz022/vdimarco/software/install/viterbi_psr_search/code/experiments/47_Tuc_O_Alessandro_Ridolfi/47Tuc_blind_search_v1/stage3_viterbi/candidates/cand_254/cand_254_track.dat
cand_031,binary,0.020763,0.097952,476.049386362322,7.21839380264282,poly,7.21839380264282,3.69221925735474,nan,,,,/fred/oz022/vdimarco/software/install/viterbi_psr_search/code/experiments/47_Tuc_O_Alessandro_Ridolfi/47Tuc_blind_search_v1/stage4_fold/cand_031/poly/J0000-00_59391.1259965277_cfbf00000_00001.ar,/fred/oz022/vdimarco/software/install/viterbi_psr_search/code/experiments/47_Tuc_O_Alessandro_Ridolfi/47Tuc_blind_search_v1/stage3_viterbi/candidates/cand_031/cand_031_track.dat
cand_361,isolated,0.000378,0.001111,559.9821905609973,7.20814275741577,kepler,3.91090679168701,7.20814275741577,366.1999512752398,44,"16,32,64,128",,/fred/oz022/vdimarco/software/install/viterbi_psr_search/code/experiments/47_Tuc_O_Alessandro_Ridolfi/47Tuc_blind_search_v1/stage4_fold/cand_361/kepler/J0000-00_59391.1259965277_cfbf00000_00001.ar,/fred/oz022/vdimarco/software/install/viterbi_psr_search/code/experiments/47_Tuc_O_Alessandro_Ridolfi/47Tuc_blind_search_v1/stage3_viterbi/candidates/cand_361/cand_361_track.dat
cand_071,binary,0.083953,0.320856,662.038660514999,7.10129547119141,kepler,6.65023374557495,7.10129547119141,nan,,,,/fred/oz022/vdimarco/software/install/viterbi_psr_search/code/experiments/47_Tuc_O_Alessandro_Ridolfi/47Tuc_blind_search_v1/stage4_fold/cand_071/kepler/J0000-00_59391.1259965277_cfbf00000_00001.ar,/fred/oz022/vdimarco/software/install/viterbi_psr_search/code/experiments/47_Tuc_O_Alessandro_Ridolfi/47Tuc_blind_search_v1/stage3_viterbi/candidates/cand_071/cand_071_track.dat
cand_033,binary,0.014865,0.062333,756.6286731967944,7.08898591995239,kepler,4.72603178024292,7.08898591995239,835.0441968665841,33,"16,32,64,128",,/fred/oz022/vdimarco/software/install/viterbi_psr_search/code/experiments/47_Tuc_O_Alessandro_Ridolfi/47Tuc_blind_search_v1/stage4_fold/cand_033/kepler/J0000-00_59391.1259965277_cfbf00000_00001.ar,/fred/oz022/vdimarco/software/install/viterbi_psr_search/code/experiments/47_Tuc_O_Alessandro_Ridolfi/47Tuc_blind_search_v1/stage3_viterbi/candidates/cand_033/cand_033_track.dat
cand_066,binary,0.042934,0.178253,257.104878225542,6.85380077362061,poly,6.85380077362061,6.35532760620117,nan,,,,/fred/oz022/vdimarco/software/install/viterbi_psr_search/code/experiments/47_Tuc_O_Alessandro_Ridolfi/47Tuc_blind_search_v1/stage4_fold/cand_066/poly/J0000-00_59391.1259965277_cfbf00000_00001.ar,/fred/oz022/vdimarco/software/install/viterbi_psr_search/code/experiments/47_Tuc_O_Alessandro_Ridolfi/47Tuc_blind_search_v1/stage3_viterbi/candidates/cand_066/cand_066_track.dat
cand_069,binary,0.10534,0.392157,482.064512843573,6.85170030593872,poly,6.85170030593872,6.4567174911499,nan,,,,/fred/oz022/vdimarco/software/install/viterbi_psr_search/code/experiments/47_Tuc_O_Alessandro_Ridolfi/47Tuc_blind_search_v1/stage4_fold/cand_069/poly/J0000-00_59391.1259965277_cfbf00000_00001.ar,/fred/oz022/vdimarco/software/install/viterbi_psr_search/code/experiments/47_Tuc_O_Alessandro_Ridolfi/47Tuc_blind_search_v1/stage3_viterbi/candidates/cand_069/cand_069_track.dat
cand_112,binary,0.015727,0.089047,378.31700801424756,6.64955234527588,kepler,4.73142290115356,6.64955234527588,679.8428280773453,31,"16,32,64,128",J0024-7204O,/fred/oz022/vdimarco/software/install/viterbi_psr_search/code/experiments/47_Tuc_O_Alessandro_Ridolfi/47Tuc_blind_search_v1/stage4_fold/cand_112/kepler/J0000-00_59391.1259965277_cfbf00000_00001.ar,/fred/oz022/vdimarco/software/install/viterbi_psr_search/code/experiments/47_Tuc_O_Alessandro_Ridolfi/47Tuc_blind_search_v1/stage3_viterbi/candidates/cand_112/cand_112_track.dat
cand_054,binary,0.071103,0.285205,149.142752237102,6.58126354217529,poly,6.58126354217529,4.70093393325806,nan,,,,/fred/oz022/vdimarco/software/install/viterbi_psr_search/code/experiments/47_Tuc_O_Alessandro_Ridolfi/47Tuc_blind_search_v1/stage4_fold/cand_054/poly/J0000-00_59391.1259965277_cfbf00000_00001.ar,/fred/oz022/vdimarco/software/install/viterbi_psr_search/code/experiments/47_Tuc_O_Alessandro_Ridolfi/47Tuc_blind_search_v1/stage3_viterbi/candidates/cand_054/cand_054_track.dat
cand_086,binary,0.028309,0.142476,476.033285923149,6.56275320053101,kepler,5.1518235206604,6.56275320053101,nan,,,,/fred/oz022/vdimarco/software/install/viterbi_psr_search/code/experiments/47_Tuc_O_Alessandro_Ridolfi/47Tuc_blind_search_v1/stage4_fold/cand_086/kepler/J0000-00_59391.1259965277_cfbf00000_00001.ar,/fred/oz022/vdimarco/software/install/viterbi_psr_search/code/experiments/47_Tuc_O_Alessandro_Ridolfi/47Tuc_blind_search_v1/stage3_viterbi/candidates/cand_086/cand_086_track.dat
cand_080,binary,0.47648,1.568627,250.484206371065,6.5556173324585,kepler,3.33862233161926,6.5556173324585,nan,,,,/fred/oz022/vdimarco/software/install/viterbi_psr_search/code/experiments/47_Tuc_O_Alessandro_Ridolfi/47Tuc_blind_search_v1/stage4_fold/cand_080/kepler/J0000-00_59391.1259965277_cfbf00000_00001.ar,/fred/oz022/vdimarco/software/install/viterbi_psr_search/code/experiments/47_Tuc_O_Alessandro_Ridolfi/47Tuc_blind_search_v1/stage3_viterbi/candidates/cand_080/cand_080_track.dat
cand_140,binary,0.012018,0.048954,110.45527369826435,6.44362735748291,kepler,3.48849272727966,6.44362735748291,164.91237922137137,2,"32,64",,/fred/oz022/vdimarco/software/install/viterbi_psr_search/code/experiments/47_Tuc_O_Alessandro_Ridolfi/47Tuc_blind_search_v1/stage4_fold/cand_140/kepler/J0000-00_59391.1259965277_cfbf00000_00001.ar,/fred/oz022/vdimarco/software/install/viterbi_psr_search/code/experiments/47_Tuc_O_Alessandro_Ridolfi/47Tuc_blind_search_v1/stage3_viterbi/candidates/cand_140/cand_140_track.dat
cand_122,binary,0.013564,0.062333,295.011246443391,6.41195726394653,poly,6.41195726394653,4.26828622817993,nan,,,,/fred/oz022/vdimarco/software/install/viterbi_psr_search/code/experiments/47_Tuc_O_Alessandro_Ridolfi/47Tuc_blind_search_v1/stage4_fold/cand_122/poly/J0000-00_59391.1259965277_cfbf00000_00001.ar,/fred/oz022/vdimarco/software/install/viterbi_psr_search/code/experiments/47_Tuc_O_Alessandro_Ridolfi/47Tuc_blind_search_v1/stage3_viterbi/candidates/cand_122/cand_122_track.dat
cand_000,binary,0.010929,0.089127,186.67230632235083,6.38691520690918,poly,6.38691520690918,4.02651834487915,1134.4429422211845,23,"16,32,64,128",J0024-7204D,/fred/oz022/vdimarco/software/install/viterbi_psr_search/code/experiments/47_Tuc_O_Alessandro_Ridolfi/47Tuc_blind_search_v1/stage4_fold/cand_000/poly/J0000-00_59391.1259965277_cfbf00000_00001.ar,/fred/oz022/vdimarco/software/install/viterbi_psr_search/code/experiments/47_Tuc_O_Alessandro_Ridolfi/47Tuc_blind_search_v1/stage3_viterbi/candidates/cand_000/cand_000_track.dat
cand_089,binary,0.023548,0.106952,383.225636584606,6.38295793533325,poly,6.38295793533325,5.03123569488525,nan,,,,/fred/oz022/vdimarco/software/install/viterbi_psr_search/code/experiments/47_Tuc_O_Alessandro_Ridolfi/47Tuc_blind_search_v1/stage4_fold/cand_089/poly/J0000-00_59391.1259965277_cfbf00000_00001.ar,/fred/oz022/vdimarco/software/install/viterbi_psr_search/code/experiments/47_Tuc_O_Alessandro_Ridolfi/47Tuc_blind_search_v1/stage3_viterbi/candidates/cand_089/cand_089_track.dat
cand_121,binary,0.021942,0.115761,150.04007123775602,6.37563180923462,kepler,3.47665905952454,6.37563180923462,337.4141899620767,9,"16,32,64,128",,/fred/oz022/vdimarco/software/install/viterbi_psr_search/code/experiments/47_Tuc_O_Alessandro_Ridolfi/47Tuc_blind_search_v1/stage4_fold/cand_121/kepler/J0000-00_59391.1259965277_cfbf00000_00001.ar,/fred/oz022/vdimarco/software/install/viterbi_psr_search/code/experiments/47_Tuc_O_Alessandro_Ridolfi/47Tuc_blind_search_v1/stage3_viterbi/candidates/cand_121/cand_121_track.dat
cand_088,binary,0.027347,0.124777,356.630641761158,6.29725742340088,kepler,3.95260787010193,6.29725742340088,nan,,,,/fred/oz022/vdimarco/software/install/viterbi_psr_search/code/experiments/47_Tuc_O_Alessandro_Ridolfi/47Tuc_blind_search_v1/stage4_fold/cand_088/kepler/J0000-00_59391.1259965277_cfbf00000_00001.ar,/fred/oz022/vdimarco/software/install/viterbi_psr_search/code/experiments/47_Tuc_O_Alessandro_Ridolfi/47Tuc_blind_search_v1/stage3_viterbi/candidates/cand_088/cand_088_track.dat
cand_339,isolated,0.000949,0.003334,800.0409982174688,6.25983142852783,kepler,5.04697132110596,6.25983142852783,691.9693647549558,16,"16,32,64,128,256",,/fred/oz022/vdimarco/software/install/viterbi_psr_search/code/experiments/47_Tuc_O_Alessandro_Ridolfi/47Tuc_blind_search_v1/stage4_fold/cand_339/kepler/J0000-00_59391.1259965277_cfbf00000_00001.ar,/fred/oz022/vdimarco/software/install/viterbi_psr_search/code/experiments/47_Tuc_O_Alessandro_Ridolfi/47Tuc_blind_search_v1/stage3_viterbi/candidates/cand_339/cand_339_track.dat
cand_006,binary,0.098599,0.499109,433.354167462912,6.2242226600647,poly,6.2242226600647,0.0,nan,,,,/fred/oz022/vdimarco/software/install/viterbi_psr_search/code/experiments/47_Tuc_O_Alessandro_Ridolfi/47Tuc_blind_search_v1/stage4_fold/cand_006/poly/J0000-00_59391.1259965277_cfbf00000_00001.ar,/fred/oz022/vdimarco/software/install/viterbi_psr_search/code/experiments/47_Tuc_O_Alessandro_Ridolfi/47Tuc_blind_search_v1/stage3_viterbi/candidates/cand_006/cand_006_track.dat
cand_209,isolated,0.000687,0.002223,559.9821905609973,6.21961069107056,kepler,5.95074939727783,6.21961069107056,366.1999512752398,44,"16,32,64,128",,/fred/oz022/vdimarco/software/install/viterbi_psr_search/code/experiments/47_Tuc_O_Alessandro_Ridolfi/47Tuc_blind_search_v1/stage4_fold/cand_209/kepler/J0000-00_59391.1259965277_cfbf00000_00001.ar,/fred/oz022/vdimarco/software/install/viterbi_psr_search/code/experiments/47_Tuc_O_Alessandro_Ridolfi/47Tuc_blind_search_v1/stage3_viterbi/candidates/cand_209/cand_209_track.dat
cand_077,binary,0.040656,0.196078,500.321171906748,6.20460891723633,kepler,3.96717238426208,6.20460891723633,nan,,,,/fred/oz022/vdimarco/software/install/viterbi_psr_search/code/experiments/47_Tuc_O_Alessandro_Ridolfi/47Tuc_blind_search_v1/stage4_fold/cand_077/kepler/J0000-00_59391.1259965277_cfbf00000_00001.ar,/fred/oz022/vdimarco/software/install/viterbi_psr_search/code/experiments/47_Tuc_O_Alessandro_Ridolfi/47Tuc_blind_search_v1/stage3_viterbi/candidates/cand_077/cand_077_track.dat
cand_053,binary,0.057863,0.213904,140.11666347834,6.09855365753174,kepler,1.99572849273682,6.09855365753174,nan,,,,/fred/oz022/vdimarco/software/install/viterbi_psr_search/code/experiments/47_Tuc_O_Alessandro_Ridolfi/47Tuc_blind_search_v1/stage4_fold/cand_053/kepler/J0000-00_59391.1259965277_cfbf00000_00001.ar,/fred/oz022/vdimarco/software/install/viterbi_psr_search/code/experiments/47_Tuc_O_Alessandro_Ridolfi/47Tuc_blind_search_v1/stage3_viterbi/candidates/cand_053/cand_053_track.dat
cand_067,binary,0.027673,0.106952,446.742186719892,5.93708848953247,poly,5.93708848953247,4.08998155593872,nan,,,,/fred/oz022/vdimarco/software/install/viterbi_psr_search/code/experiments/47_Tuc_O_Alessandro_Ridolfi/47Tuc_blind_search_v1/stage4_fold/cand_067/poly/J0000-00_59391.1259965277_cfbf00000_00001.ar,/fred/oz022/vdimarco/software/install/viterbi_psr_search/code/experiments/47_Tuc_O_Alessandro_Ridolfi/47Tuc_blind_search_v1/stage3_viterbi/candidates/cand_067/cand_067_track.dat
cand_139,binary,0.018092,0.066756,118.75967957276369,5.87993097305298,kepler,2.36127328872681,5.87993097305298,165.79661927456257,1,64,,/fred/oz022/vdimarco/software/install/viterbi_psr_search/code/experiments/47_Tuc_O_Alessandro_Ridolfi/47Tuc_blind_search_v1/stage4_fold/cand_139/kepler/J0000-00_59391.1259965277_cfbf00000_00001.ar,/fred/oz022/vdimarco/software/install/viterbi_psr_search/code/experiments/47_Tuc_O_Alessandro_Ridolfi/47Tuc_blind_search_v1/stage3_viterbi/candidates/cand_139/cand_139_track.dat
cand_030,binary,0.08422,0.392157,100.05902799942,5.87187242507935,kepler,3.17776083946228,5.87187242507935,nan,,,,/fred/oz022/vdimarco/software/install/viterbi_psr_search/code/experiments/47_Tuc_O_Alessandro_Ridolfi/47Tuc_blind_search_v1/stage4_fold/cand_030/kepler/J0000-00_59391.1259965277_cfbf00000_00001.ar,/fred/oz022/vdimarco/software/install/viterbi_psr_search/code/experiments/47_Tuc_O_Alessandro_Ridolfi/47Tuc_blind_search_v1/stage3_viterbi/candidates/cand_030/cand_030_track.dat
cand_041,binary,0.030762,0.124777,266.066089703159,5.87020111083984,kepler,2.90160226821899,5.87020111083984,nan,,,,/fred/oz022/vdimarco/software/install/viterbi_psr_search/code/experiments/47_Tuc_O_Alessandro_Ridolfi/47Tuc_blind_search_v1/stage4_fold/cand_041/kepler/J0000-00_59391.1259965277_cfbf00000_00001.ar,/fred/oz022/vdimarco/software/install/viterbi_psr_search/code/experiments/47_Tuc_O_Alessandro_Ridolfi/47Tuc_blind_search_v1/stage3_viterbi/candidates/cand_041/cand_041_track.dat
cand_002,isolated,0.004656,0.035619,186.67230632235083,5.66781806945801,poly,5.66781806945801,5.45556449890137,1134.4429422211845,23,"16,32,64,128",J0024-7204D,/fred/oz022/vdimarco/software/install/viterbi_psr_search/code/experiments/47_Tuc_O_Alessandro_Ridolfi/47Tuc_blind_search_v1/stage4_fold/cand_002/poly/J0000-00_59391.1259965277_cfbf00000_00001.ar,/fred/oz022/vdimarco/software/install/viterbi_psr_search/code/experiments/47_Tuc_O_Alessandro_Ridolfi/47Tuc_blind_search_v1/stage3_viterbi/candidates/cand_002/cand_002_track.dat
cand_098,binary,0.053402,0.249554,239.514137364202,5.62856197357178,kepler,3.33268070220947,5.62856197357178,nan,,,,/fred/oz022/vdimarco/software/install/viterbi_psr_search/code/experiments/47_Tuc_O_Alessandro_Ridolfi/47Tuc_blind_search_v1/stage4_fold/cand_098/kepler/J0000-00_59391.1259965277_cfbf00000_00001.ar,/fred/oz022/vdimarco/software/install/viterbi_psr_search/code/experiments/47_Tuc_O_Alessandro_Ridolfi/47Tuc_blind_search_v1/stage3_viterbi/candidates/cand_098/cand_098_track.dat
cand_065,binary,0.08406,0.285205,167.132357404992,5.59529972076416,poly,5.59529972076416,4.90943193435669,nan,,,,/fred/oz022/vdimarco/software/install/viterbi_psr_search/code/experiments/47_Tuc_O_Alessandro_Ridolfi/47Tuc_blind_search_v1/stage4_fold/cand_065/poly/J0000-00_59391.1259965277_cfbf00000_00001.ar,/fred/oz022/vdimarco/software/install/viterbi_psr_search/code/experiments/47_Tuc_O_Alessandro_Ridolfi/47Tuc_blind_search_v1/stage3_viterbi/candidates/cand_065/cand_065_track.dat
cand_124,binary,0.010135,0.048954,250.00356030262571,5.58232593536377,poly,5.58232593536377,1.72226440906525,214.75975621910135,9,"16,32,64",,/fred/oz022/vdimarco/software/install/viterbi_psr_search/code/experiments/47_Tuc_O_Alessandro_Ridolfi/47Tuc_blind_search_v1/stage4_fold/cand_124/poly/J0000-00_59391.1259965277_cfbf00000_00001.ar,/fred/oz022/vdimarco/software/install/viterbi_psr_search/code/experiments/47_Tuc_O_Alessandro_Ridolfi/47Tuc_blind_search_v1/stage3_viterbi/candidates/cand_124/cand_124_track.dat
cand_101,binary,0.027374,0.106952,284.068652699781,5.44484376907349,kepler,4.15406656265259,5.44484376907349,nan,,,,/fred/oz022/vdimarco/software/install/viterbi_psr_search/code/experiments/47_Tuc_O_Alessandro_Ridolfi/47Tuc_blind_search_v1/stage4_fold/cand_101/kepler/J0000-00_59391.1259965277_cfbf00000_00001.ar,/fred/oz022/vdimarco/software/install/viterbi_psr_search/code/experiments/47_Tuc_O_Alessandro_Ridolfi/47Tuc_blind_search_v1/stage3_viterbi/candidates/cand_101/cand_101_track.dat
cand_084,binary,0.056801,0.178253,494.996693063051,5.33969449996948,kepler,4.80565404891968,5.33969449996948,nan,,,,/fred/oz022/vdimarco/software/install/viterbi_psr_search/code/experiments/47_Tuc_O_Alessandro_Ridolfi/47Tuc_blind_search_v1/stage4_fold/cand_084/kepler/J0000-00_59391.1259965277_cfbf00000_00001.ar,/fred/oz022/vdimarco/software/install/viterbi_psr_search/code/experiments/47_Tuc_O_Alessandro_Ridolfi/47Tuc_blind_search_v1/stage3_viterbi/candidates/cand_084/cand_084_track.dat
cand_032,binary,0.030753,0.160428,187.149599406083,5.21940612792969,poly,5.21940612792969,5.0481972694397,nan,,,,/fred/oz022/vdimarco/software/install/viterbi_psr_search/code/experiments/47_Tuc_O_Alessandro_Ridolfi/47Tuc_blind_search_v1/stage4_fold/cand_032/poly/J0000-00_59391.1259965277_cfbf00000_00001.ar,/fred/oz022/vdimarco/software/install/viterbi_psr_search/code/experiments/47_Tuc_O_Alessandro_Ridolfi/47Tuc_blind_search_v1/stage3_viterbi/candidates/cand_032/cand_032_track.dat
cand_190,isolated,0.001535,0.006671,216.673196794301,5.19884443283081,kepler,0.0,5.19884443283081,842.6489541685589,32,"16,32,64,128,256",,/fred/oz022/vdimarco/software/install/viterbi_psr_search/code/experiments/47_Tuc_O_Alessandro_Ridolfi/47Tuc_blind_search_v1/stage4_fold/cand_190/kepler/J0000-00_59391.1259965277_cfbf00000_00001.ar,/fred/oz022/vdimarco/software/install/viterbi_psr_search/code/experiments/47_Tuc_O_Alessandro_Ridolfi/47Tuc_blind_search_v1/stage3_viterbi/candidates/cand_190/cand_190_track.dat
cand_095,binary,0.113267,0.463458,223.445919049624,5.18272542953491,poly,5.18272542953491,1.85221552848816,nan,,,,/fred/oz022/vdimarco/software/install/viterbi_psr_search/code/experiments/47_Tuc_O_Alessandro_Ridolfi/47Tuc_blind_search_v1/stage4_fold/cand_095/poly/J0000-00_59391.1259965277_cfbf00000_00001.ar,/fred/oz022/vdimarco/software/install/viterbi_psr_search/code/experiments/47_Tuc_O_Alessandro_Ridolfi/47Tuc_blind_search_v1/stage3_viterbi/candidates/cand_095/cand_095_track.dat
cand_169,isolated,0.0,0.0,186.67230632235083,5.16939544677734,poly,5.16939544677734,5.0693507194519,1134.4429422211845,23,"16,32,64,128",J0024-7204D,/fred/oz022/vdimarco/software/install/viterbi_psr_search/code/experiments/47_Tuc_O_Alessandro_Ridolfi/47Tuc_blind_search_v1/stage4_fold/cand_169/poly/J0000-00_59391.1259965277_cfbf00000_00001.ar,/fred/oz022/vdimarco/software/install/viterbi_psr_search/code/experiments/47_Tuc_O_Alessandro_Ridolfi/47Tuc_blind_search_v1/stage3_viterbi/candidates/cand_169/cand_169_track.dat
cand_064,binary,0.176782,0.623886,549.860522505953,5.13797807693481,poly,5.13797807693481,4.25836324691772,nan,,,,/fred/oz022/vdimarco/software/install/viterbi_psr_search/code/experiments/47_Tuc_O_Alessandro_Ridolfi/47Tuc_blind_search_v1/stage4_fold/cand_064/poly/J0000-00_59391.1259965277_cfbf00000_00001.ar,/fred/oz022/vdimarco/software/install/viterbi_psr_search/code/experiments/47_Tuc_O_Alessandro_Ridolfi/47Tuc_blind_search_v1/stage3_viterbi/candidates/cand_064/cand_064_track.dat
cand_049,binary,0.116204,0.481283,572.654176555322,5.1001615524292,kepler,4.4436502456665,5.1001615524292,nan,,,,/fred/oz022/vdimarco/software/install/viterbi_psr_search/code/experiments/47_Tuc_O_Alessandro_Ridolfi/47Tuc_blind_search_v1/stage4_fold/cand_049/kepler/J0000-00_59391.1259965277_cfbf00000_00001.ar,/fred/oz022/vdimarco/software/install/viterbi_psr_search/code/experiments/47_Tuc_O_Alessandro_Ridolfi/47Tuc_blind_search_v1/stage3_viterbi/candidates/cand_049/cand_049_track.dat
cand_114,binary,0.017991,0.080142,600.0089126559715,5.05841636657715,kepler,2.04549384117126,5.05841636657715,814.3333706199979,31,"16,32,64,128,256",,/fred/oz022/vdimarco/software/install/viterbi_psr_search/code/experiments/47_Tuc_O_Alessandro_Ridolfi/47Tuc_blind_search_v1/stage4_fold/cand_114/kepler/J0000-00_59391.1259965277_cfbf00000_00001.ar,/fred/oz022/vdimarco/software/install/viterbi_psr_search/code/experiments/47_Tuc_O_Alessandro_Ridolfi/47Tuc_blind_search_v1/stage3_viterbi/candidates/cand_114/cand_114_track.dat
cand_085,binary,0.159446,0.57041,410.330254753505,4.80440902709961,poly,4.80440902709961,4.69001865386963,nan,,,,/fred/oz022/vdimarco/software/install/viterbi_psr_search/code/experiments/47_Tuc_O_Alessandro_Ridolfi/47Tuc_blind_search_v1/stage4_fold/cand_085/poly/J0000-00_59391.1259965277_cfbf00000_00001.ar,/fred/oz022/vdimarco/software/install/viterbi_psr_search/code/experiments/47_Tuc_O_Alessandro_Ridolfi/47Tuc_blind_search_v1/stage3_viterbi/candidates/cand_085/cand_085_track.dat
cand_369,isolated,0.001109,0.004446,378.31700801424756,4.79294347763062,poly,4.79294347763062,2.90151739120483,679.8428280773453,31,"16,32,64,128",J0024-7204O,/fred/oz022/vdimarco/software/install/viterbi_psr_search/code/experiments/47_Tuc_O_Alessandro_Ridolfi/47Tuc_blind_search_v1/stage4_fold/cand_369/poly/J0000-00_59391.1259965277_cfbf00000_00001.ar,/fred/oz022/vdimarco/software/install/viterbi_psr_search/code/experiments/47_Tuc_O_Alessandro_Ridolfi/47Tuc_blind_search_v1/stage3_viterbi/candidates/cand_369/cand_369_track.dat
cand_035,binary,0.028535,0.124777,320.130483759392,4.56528520584106,kepler,4.29455900192261,4.56528520584106,nan,,,,/fred/oz022/vdimarco/software/install/viterbi_psr_search/code/experiments/47_Tuc_O_Alessandro_Ridolfi/47Tuc_blind_search_v1/stage4_fold/cand_035/kepler/J0000-00_59391.1259965277_cfbf00000_00001.ar,/fred/oz022/vdimarco/software/install/viterbi_psr_search/code/experiments/47_Tuc_O_Alessandro_Ridolfi/47Tuc_blind_search_v1/stage3_viterbi/candidates/cand_035/cand_035_track.dat
cand_092,binary,0.080162,0.30303,475.9813000890472,4.29906415939331,poly,4.29906415939331,4.19544458389282,737.2111548130733,35,"16,32,64,128",J0024-7204J,/fred/oz022/vdimarco/software/install/viterbi_psr_search/code/experiments/47_Tuc_O_Alessandro_Ridolfi/47Tuc_blind_search_v1/stage4_fold/cand_092/poly/J0000-00_59391.1259965277_cfbf00000_00001.ar,/fred/oz022/vdimarco/software/install/viterbi_psr_search/code/experiments/47_Tuc_O_Alessandro_Ridolfi/47Tuc_blind_search_v1/stage3_viterbi/candidates/cand_092/cand_092_track.dat
cand_105,binary,0.015866,0.089047,378.31700801424756,4.29837846755981,poly,4.29837846755981,3.50353169441223,679.8428280773453,31,"16,32,64,128",J0024-7204O,/fred/oz022/vdimarco/software/install/viterbi_psr_search/code/experiments/47_Tuc_O_Alessandro_Ridolfi/47Tuc_blind_search_v1/stage4_fold/cand_105/poly/J0000-00_59391.1259965277_cfbf00000_00001.ar,/fred/oz022/vdimarco/software/install/viterbi_psr_search/code/experiments/47_Tuc_O_Alessandro_Ridolfi/47Tuc_blind_search_v1/stage3_viterbi/candidates/cand_105/cand_105_track.dat
cand_017,isolated,0.003238,0.026714,186.67230632235083,4.25211763381958,kepler,3.0735821723938,4.25211763381958,1134.4429422211845,23,"16,32,64,128",J0024-7204D,/fred/oz022/vdimarco/software/install/viterbi_psr_search/code/experiments/47_Tuc_O_Alessandro_Ridolfi/47Tuc_blind_search_v1/stage4_fold/cand_017/kepler/J0000-00_59391.1259965277_cfbf00000_00001.ar,/fred/oz022/vdimarco/software/install/viterbi_psr_search/code/experiments/47_Tuc_O_Alessandro_Ridolfi/47Tuc_blind_search_v1/stage3_viterbi/candidates/cand_017/cand_017_track.dat
cand_204,binary,0.011391,0.037803,110.45527369826435,4.15646743774414,poly,4.15646743774414,1.66590356826782,164.91237922137137,2,"32,64",,/fred/oz022/vdimarco/software/install/viterbi_psr_search/code/experiments/47_Tuc_O_Alessandro_Ridolfi/47Tuc_blind_search_v1/stage4_fold/cand_204/poly/J0000-00_59391.1259965277_cfbf00000_00001.ar,/fred/oz022/vdimarco/software/install/viterbi_psr_search/code/experiments/47_Tuc_O_Alessandro_Ridolfi/47Tuc_blind_search_v1/stage3_viterbi/candidates/cand_204/cand_204_track.dat
cand_022,binary,0.252825,0.87344,100.034305144844,3.89678287506104,poly,3.89678287506104,2.14363646507263,nan,,,,/fred/oz022/vdimarco/software/install/viterbi_psr_search/code/experiments/47_Tuc_O_Alessandro_Ridolfi/47Tuc_blind_search_v1/stage4_fold/cand_022/poly/J0000-00_59391.1259965277_cfbf00000_00001.ar,/fred/oz022/vdimarco/software/install/viterbi_psr_search/code/experiments/47_Tuc_O_Alessandro_Ridolfi/47Tuc_blind_search_v1/stage3_viterbi/candidates/cand_022/cand_022_track.dat
cand_061,binary,0.028365,0.142602,221.053488762421,3.87640428543091,poly,3.87640428543091,2.92420101165771,nan,,,,/fred/oz022/vdimarco/software/install/viterbi_psr_search/code/experiments/47_Tuc_O_Alessandro_Ridolfi/47Tuc_blind_search_v1/stage4_fold/cand_061/poly/J0000-00_59391.1259965277_cfbf00000_00001.ar,/fred/oz022/vdimarco/software/install/viterbi_psr_search/code/experiments/47_Tuc_O_Alessandro_Ridolfi/47Tuc_blind_search_v1/stage3_viterbi/candidates/cand_061/cand_061_track.dat
cand_371,isolated,0.0,0.0,186.67230632235083,3.61402702331543,kepler,3.54905104637146,3.61402702331543,1134.4429422211845,23,"16,32,64,128",J0024-7204D,/fred/oz022/vdimarco/software/install/viterbi_psr_search/code/experiments/47_Tuc_O_Alessandro_Ridolfi/47Tuc_blind_search_v1/stage4_fold/cand_371/kepler/J0000-00_59391.1259965277_cfbf00000_00001.ar,/fred/oz022/vdimarco/software/install/viterbi_psr_search/code/experiments/47_Tuc_O_Alessandro_Ridolfi/47Tuc_blind_search_v1/stage3_viterbi/candidates/cand_371/cand_371_track.dat
cand_062,binary,0.050175,0.196078,131.15292515902,3.58529138565063,kepler,3.30729556083679,3.58529138565063,nan,,,,/fred/oz022/vdimarco/software/install/viterbi_psr_search/code/experiments/47_Tuc_O_Alessandro_Ridolfi/47Tuc_blind_search_v1/stage4_fold/cand_062/kepler/J0000-00_59391.1259965277_cfbf00000_00001.ar,/fred/oz022/vdimarco/software/install/viterbi_psr_search/code/experiments/47_Tuc_O_Alessandro_Ridolfi/47Tuc_blind_search_v1/stage3_viterbi/candidates/cand_062/cand_062_track.dat
cand_256,isolated,0.0,0.0,186.67230632235083,3.57377767562866,kepler,3.56229996681213,3.57377767562866,1134.4429422211845,23,"16,32,64,128",J0024-7204D,/fred/oz022/vdimarco/software/install/viterbi_psr_search/code/experiments/47_Tuc_O_Alessandro_Ridolfi/47Tuc_blind_search_v1/stage4_fold/cand_256/kepler/J0000-00_59391.1259965277_cfbf00000_00001.ar,/fred/oz022/vdimarco/software/install/viterbi_psr_search/code/experiments/47_Tuc_O_Alessandro_Ridolfi/47Tuc_blind_search_v1/stage3_viterbi/candidates/cand_256/cand_256_track.dat
cand_034,binary,0.030611,0.213904,199.9982174688057,3.37959289550781,poly,3.37959289550781,3.35376453399658,1183.2177835181408,33,"16,32,64,128,256",,/fred/oz022/vdimarco/software/install/viterbi_psr_search/code/experiments/47_Tuc_O_Alessandro_Ridolfi/47Tuc_blind_search_v1/stage4_fold/cand_034/poly/J0000-00_59391.1259965277_cfbf00000_00001.ar,/fred/oz022/vdimarco/software/install/viterbi_psr_search/code/experiments/47_Tuc_O_Alessandro_Ridolfi/47Tuc_blind_search_v1/stage3_viterbi/candidates/cand_034/cand_034_track.dat
cand_072,binary,0.041508,0.178253,329.098525258712,3.36753249168396,poly,3.36753249168396,1.66483938694,nan,,,,/fred/oz022/vdimarco/software/install/viterbi_psr_search/code/experiments/47_Tuc_O_Alessandro_Ridolfi/47Tuc_blind_search_v1/stage4_fold/cand_072/poly/J0000-00_59391.1259965277_cfbf00000_00001.ar,/fred/oz022/vdimarco/software/install/viterbi_psr_search/code/experiments/47_Tuc_O_Alessandro_Ridolfi/47Tuc_blind_search_v1/stage3_viterbi/candidates/cand_072/cand_072_track.dat
cand_232,isolated,0.000445,0.001111,199.9982174688057,2.91192317008972,poly,2.91192317008972,2.11538577079773,1183.2177835181408,33,"16,32,64,128,256",,/fred/oz022/vdimarco/software/install/viterbi_psr_search/code/experiments/47_Tuc_O_Alessandro_Ridolfi/47Tuc_blind_search_v1/stage4_fold/cand_232/poly/J0000-00_59391.1259965277_cfbf00000_00001.ar,/fred/oz022/vdimarco/software/install/viterbi_psr_search/code/experiments/47_Tuc_O_Alessandro_Ridolfi/47Tuc_blind_search_v1/stage3_viterbi/candidates/cand_232/cand_232_track.dat
cand_010,binary,0.016842,0.124777,199.9982174688057,2.86499452590942,kepler,1.68655180931091,2.86499452590942,1183.2177835181408,33,"16,32,64,128,256",,/fred/oz022/vdimarco/software/install/viterbi_psr_search/code/experiments/47_Tuc_O_Alessandro_Ridolfi/47Tuc_blind_search_v1/stage4_fold/cand_010/kepler/J0000-00_59391.1259965277_cfbf00000_00001.ar,/fred/oz022/vdimarco/software/install/viterbi_psr_search/code/experiments/47_Tuc_O_Alessandro_Ridolfi/47Tuc_blind_search_v1/stage3_viterbi/candidates/cand_010/cand_010_track.dat
cand_265,isolated,0.000492,0.001111,400.01247771836006,2.63907837867737,poly,2.63907837867737,1.93815779685974,768.0259827673948,36,"16,32,64,128,256",,/fred/oz022/vdimarco/software/install/viterbi_psr_search/code/experiments/47_Tuc_O_Alessandro_Ridolfi/47Tuc_blind_search_v1/stage4_fold/cand_265/poly/J0000-00_59391.1259965277_cfbf00000_00001.ar,/fred/oz022/vdimarco/software/install/viterbi_psr_search/code/experiments/47_Tuc_O_Alessandro_Ridolfi/47Tuc_blind_search_v1/stage3_viterbi/candidates/cand_265/cand_265_track.dat
cand_073,binary,0.027087,0.106952,122.083045801634,2.33771157264709,kepler,2.14926934242249,2.33771157264709,nan,,,,/fred/oz022/vdimarco/software/install/viterbi_psr_search/code/experiments/47_Tuc_O_Alessandro_Ridolfi/47Tuc_blind_search_v1/stage4_fold/cand_073/kepler/J0000-00_59391.1259965277_cfbf00000_00001.ar,/fred/oz022/vdimarco/software/install/viterbi_psr_search/code/experiments/47_Tuc_O_Alessandro_Ridolfi/47Tuc_blind_search_v1/stage3_viterbi/candidates/cand_073/cand_073_track.dat
cand_015,isolated,0.004947,0.035619,186.67230632235083,2.18461394309998,kepler,2.00361776351929,2.18461394309998,1134.4429422211845,23,"16,32,64,128",J0024-7204D,/fred/oz022/vdimarco/software/install/viterbi_psr_search/code/experiments/47_Tuc_O_Alessandro_Ridolfi/47Tuc_blind_search_v1/stage4_fold/cand_015/kepler/J0000-00_59391.1259965277_cfbf00000_00001.ar,/fred/oz022/vdimarco/software/install/viterbi_psr_search/code/experiments/47_Tuc_O_Alessandro_Ridolfi/47Tuc_blind_search_v1/stage3_viterbi/candidates/cand_015/cand_015_track.dat
cand_026,binary,0.013071,0.071238,216.673196794301,0.0,poly,0.0,0.0,842.6489541685589,32,"16,32,64,128,256",,/fred/oz022/vdimarco/software/install/viterbi_psr_search/code/experiments/47_Tuc_O_Alessandro_Ridolfi/47Tuc_blind_search_v1/stage4_fold/cand_026/poly/J0000-00_59391.1259965277_cfbf00000_00001.ar,/fred/oz022/vdimarco/software/install/viterbi_psr_search/code/experiments/47_Tuc_O_Alessandro_Ridolfi/47Tuc_blind_search_v1/stage3_viterbi/candidates/cand_026/cand_026_track.dat
cand_020,binary,0.012721,0.071238,216.673196794301,0.0,poly,0.0,0.0,842.6489541685589,32,"16,32,64,128,256",,/fred/oz022/vdimarco/software/install/viterbi_psr_search/code/experiments/47_Tuc_O_Alessandro_Ridolfi/47Tuc_blind_search_v1/stage4_fold/cand_020/poly/J0000-00_59391.1259965277_cfbf00000_00001.ar,/fred/oz022/vdimarco/software/install/viterbi_psr_search/code/experiments/47_Tuc_O_Alessandro_Ridolfi/47Tuc_blind_search_v1/stage3_viterbi/candidates/cand_020/cand_020_track.dat
